Name,ShopIconFileName,ShopIconExportName,ShopIconAnimScale,ShopIconClipped,UnlockLevel,RepUnlockLevel,ShopOrder,FileName,ExportName,FenceBelowExportName,FenceRightExportName,FenceCornerExportName,FenceShopExportName,TileWidth,TileHeight,Price,DiamondPrice,PriceIncrease,DoPriceIncreaseEveryNObject,ShopDescriptionTID,TID,BuySound,TapSound,CanBuy,SpinWheelPrize,BuyExp,Passable,Theme,TagSpecial,TagNature,TagDeco,TagSanctuary,TagStatue,HideFromLevelUpScreen,SanctuaryAnimal,PerceivedValue,UseCase,PendingRelease
String,String,String,int,boolean,int,int,int,String,String,String,String,String,String,int,int,int,int,int,int,String,String,String,String,Boolean,Boolean,int,Boolean,String,Boolean,Boolean,Boolean,Boolean,Boolean,Boolean,String,int,String,Boolean
Fence,,,,,11,0,,sc/decos04_pathsandfences.sc,fence_01_pole,fence_01,fence_01_mirrored,fence_01_corner,,1,1,5,,2,1,TID_FENCES_DESCRIPTION,TID_FENCE_01,Buy,TapDecorationGeneric,TRUE,,1,,,,,,,,,,,,
Stone Wall,,,,,13,0,,sc/decos04_pathsandfences.sc,fence_02_pole,fence_02,fence_02_mirrored,fence_02_corner,,1,1,60,,10,1,TID_WALL_DESCRIPTION,TID_FENCE_02,Buy,TapDecorationGeneric,TRUE,,6,,,,,,,,,,,,
Stone Path,,,115,,11,0,,sc/decos04_pathsandfences.sc,fence_03_pole,fence_03,fence_03_mirrored,fence_03_corner,,1,1,25,,5,1,TID_PATHS_DESCRIPTION,TID_FENCE_03,Buy,TapDecorationGeneric,TRUE,,3,TRUE,,,,,,,,,,,
Hedge,,,,,20,0,,sc/decos04_pathsandfences.sc,fence_04_pole,fence_04,fence_04_mirrored,fence_04_corner,,1,1,10,,3,1,TID_HEDGES_DESCRIPTION,TID_FENCE_04,Buy,TapDecorationGeneric,TRUE,,1,,,,TRUE,,,,,,,,
Flower Hedge,,,,,25,0,,sc/decos04_pathsandfences.sc,fence_05_pole,fence_05,fence_05_mirrored,fence_05_corner,,1,1,35,,5,1,TID_HEDGES_DESCRIPTION,TID_FENCE_05,Buy,TapDecorationGeneric,TRUE,,4,,,,TRUE,,,,,,,,
Brick Fence,,,,,30,0,,sc/decos04_pathsandfences.sc,fence_06_pole,fence_06,fence_06_mirrored,fence_06_corner,,1,1,90,,15,1,TID_FENCES_DESCRIPTION,TID_FENCE_06,Buy,TapDecorationGeneric,TRUE,,9,,,,,,,,,,,,
GoldenWall,,,,,33,0,,sc/decos04_pathsandfences.sc,fence_07_pole,fence_07,fence_07_mirrored,fence_07_corner,,1,1,10000,,500,1,TID_WALL_DESCRIPTION,TID_FENCE_07,Buy,TapDecorationGeneric,TRUE,,50,,,,,,,,,,,,
CemetaryFence,,,,,1,0,,sc/decos04_pathsandfences.sc,fence_cemetary_pole,fence_cemetary,fence_cemetary_mirrored,fence_cemetary_corner,,1,1,,5,0,1,TID_DECO_HALLOWEEN_FENCE_08_DESC,TID_DECO_HALLOWEEN_FENCE_08,Buy,TapDecorationGeneric,TRUE,,15,,Halloween,,,,,,,,,,
ChristmasFence,,,,,1,0,,sc/decos02_seasonal.sc,fence_christmas_pole,fence_christmas,fence_christmas_mirrored,fence_christmas_corner,,1,1,,5,0,1,TID_DECO_CHRISTMAS_LIGHT_FENCE_DESC,TID_DECO_CHRISTMAS_FENCE_09,Buy,TapDecorationGeneric,TRUE,,15,,Christmas,,,,,,,,,,
Sand Path,,,115,,23,0,,sc/decos04_pathsandfences.sc,fence_11_pole,fence_11,fence_11_mirrored,fence_11_corner,,1,1,20,,2,1,TID_PATHS_DESCRIPTION,TID_FENCE_11,Buy,TapDecorationGeneric,TRUE,,2,TRUE,,,TRUE,,,,,,,,
Gravel Path,,,115,,41,0,,sc/decos04_pathsandfences.sc,fence_09_pole,fence_09,fence_09_mirrored,fence_09_corner,,1,1,40,,5,1,TID_PATHS_DESCRIPTION,TID_FENCE_09,Buy,TapDecorationGeneric,TRUE,,3,TRUE,,,,,,,,,,,
Cobblestone Path,,,115,,46,0,,sc/decos04_pathsandfences.sc,fence_10_pole,fence_10,fence_10_mirrored,fence_10_corner,,1,1,60,,5,1,TID_PATHS_DESCRIPTION,TID_FENCE_10,Buy,TapDecorationGeneric,TRUE,,4,TRUE,,,,,,,,,,,
Golden Path,,,115,,50,0,,sc/decos04_pathsandfences.sc,fence_03_pole_gold,fence_03_gold,fence_03_mirrored_gold,fence_03_corner_gold,,1,1,5000,,250,1,TID_PATHS_DESCRIPTION,TID_FENCE_08,Buy,TapDecorationGeneric,TRUE,,20,TRUE,,,,,,,,,,,
RoseFenceWhite,,,,,19,0,,sc/decos04_pathsandfences.sc,fence_roses_white_pole,fence_roses_white,fence_roses_white_mirrored,fence_roses_white_corner,,1,1,200,,10,1,TID_FENCES_DESCRIPTION,TID_FENCE_ROSES_WHITE,Buy,TapDecorationGeneric,TRUE,,5,,,,TRUE,,,,,,,,
RoseFenceYellow,,,,,40,0,,sc/decos04_pathsandfences.sc,fence_roses_yellow_pole,fence_roses_yellow,fence_roses_yellow_mirrored,fence_roses_yellow_corner,,1,1,200,,10,1,TID_FENCES_DESCRIPTION,TID_FENCE_ROSES_YELLOW,Buy,TapDecorationGeneric,TRUE,,5,,,,TRUE,,,,,,,,
RoseFenceOrange,,,,,44,0,,sc/decos04_pathsandfences.sc,fence_roses_orange_pole,fence_roses_orange,fence_roses_orange_mirrored,fence_roses_orange_corner,,1,1,200,,10,1,TID_FENCES_DESCRIPTION,TID_FENCE_ROSES_ORANGE,Buy,TapDecorationGeneric,TRUE,,5,,,,TRUE,,,,,,,,
RoseFencePink,,,,,48,0,,sc/decos04_pathsandfences.sc,fence_roses_pink_pole,fence_roses_pink,fence_roses_pink_mirrored,fence_roses_pink_corner,,1,1,200,,10,1,TID_FENCES_DESCRIPTION,TID_FENCE_ROSES_PINK,Buy,TapDecorationGeneric,TRUE,,5,,,,TRUE,,,,,,,,
RoseFenceRed,,,,,53,0,,sc/decos04_pathsandfences.sc,fence_roses_red_pole,fence_roses_red,fence_roses_red_mirrored,fence_roses_red_corner,,1,1,200,,10,1,TID_FENCES_DESCRIPTION,TID_FENCE_ROSES_RED,Buy,TapDecorationGeneric,TRUE,,5,,,,TRUE,,,,,,,,
TownRoad01,,,,,34,0,,sc/decos04_pathsandfences.sc,road_01_pole,Road_01,road_01_mirrored,road_01_corner,,1,1,100,,10,1,TID_PATHS_DESCRIPTION,TID_TOWN_ROAD_01,Buy,TapDecorationGeneric,TRUE,,5,TRUE,,,,,,,,,,,
TownRoad02,,,,,40,0,,sc/decos04_pathsandfences.sc,road_02_pole,road_02,road_02_mirrored,road_02_corner,,1,1,50,,10,1,TID_PATHS_DESCRIPTION,TID_TOWN_ROAD_02,Buy,TapDecorationGeneric,TRUE,,5,TRUE,,,,,,,,,,,
TownRoad03,,,,,45,0,,sc/decos04_pathsandfences.sc,road_03_pole,road_03,road_03_mirrored,road_03_corner,,1,1,150,,10,1,TID_PATHS_DESCRIPTION,TID_TOWN_ROAD_03,Buy,TapDecorationGeneric,TRUE,,5,TRUE,,,,,,,,,,,
ChristmasLightFence,,,,,1,0,,sc/decos02_seasonal.sc,fence_christmas_light_pole,fence_christmas_light,fence_christmas_light_mirrored,fence_christmas_light_corner,,1,1,,8,0,1,TID_DECO_CHRISTMAS_LIGHT_FENCE_DESC,TID_DECO_CHRISTMAS_LIGHT_FENCE,Buy,TapDecorationGeneric,TRUE,,15,,Christmas,,,,,,,,,,
RopeFence,,,,,20,0,,sc/decos04_pathsandfences.sc,fence_japanese_pole,fence_japenese,fence_japanese_mirrored,fence_japanese_corner,,1,1,1000,,100,1,TID_FENCES_DESCRIPTION,TID_DECO_ROPEFENCE,Buy,TapDecorationGeneric,TRUE,,5,,,,,,,,,,,,
BlueFence,,,,,1,0,,sc/decos04_pathsandfences.sc,blue_fence_pole,blue_fence,blue_fence_mirrored,blue_fence_corner,,1,1,,999,,,TID_FENCES_DESCRIPTION,TID_DECO_BLUEFENCE,Buy,TapDecorationGeneric,,,,,,,,,,,,,800,Conversion,
FlowerFence,,,,,1,0,,sc/decos04_pathsandfences.sc,bavarian_fence_pole,bavarian_fence,bavarian_fence_mirrored,bavarian_fence_corner,,1,1,,999,,,TID_FENCES_DESCRIPTION,TID_DECO_FLOWERFENCE,Buy,TapDecorationGeneric,,,,,,,,,,,,,800,FP,
PencilFence,,,,,1,0,,sc/decos04_pathsandfences.sc,pencil_fence_pole,pencil_fence,pencil_fence_mirrored,pencil_fence_corner,,1,1,,999,,,TID_FENCES_DESCRIPTION,TID_DECO_PENCILFENCE,Buy,TapDecorationGeneric,,,,,,,,,,,,,800,Conversion,
CNYFence,,,,,1,0,-1,sc/decos02_seasonal.sc,china_fence01_pole,china_fence01,china_fence01_mirrored,china_fence01_corner,,1,1,,999,,,TID_CNY_DECO_DESC,TID_CNY_FENCE,Buy,TapDecorationGeneric,,,,,ChineseNewYear,,,,,,,,,FP,
FallFence,,,,,1,0,-1,sc/decos04_pathsandfences.sc,manor_wall_pole,manor_wall,manor_wall_mirrored,manor_wall_corner,,1,1,,999,,,TID_WALL_DESCRIPTION,TID_DECO_FALLFENCE,Buy,TapDecorationGeneric,,,,,,,,,,,,,800,,
CNYPillars,,,,,1,0,,sc/decos02_seasonal.sc,fence_cnypilar_pole,fence_cnypilar,fence_cnypilar_mirrored,fence_cnypilar_corner,,1,1,,999,,,TID_CNY_DECO_DESC,TID_DECO_LANTERNFENCE,Buy,TapDecorationGeneric,,,,,ChineseNewYear,,,,,,,,,,
WinterLoveFence,,,,,1,0,,sc/decos02_seasonal.sc,winterlove_fence_pole,winterlove_fence,winterlove_fence_mirrored,winterlove_fence_corner,,1,1,,5,,,TID_DECO_CHRISTMAS_LIGHT_FENCE_DESC,TID_DECO_WINTERFENCE,Buy,TapDecorationGeneric,TRUE,,,,Christmas,,,,,,,,800,,
Trellis fence,,,,,1,0,,sc/decos04_pathsandfences.sc,yellowtrellis_fence_pole,yellowtrellis_fence,yellowtrellis_fence_mirrored,yellowtrellis_fence_corner,,1,1,,999,,,TID_FENCES_DESCRIPTION,TID_DECO_TRELLISFENCE,Buy,TapDecorationGeneric,,TRUE,,,,TRUE,,,,,,,800,,
Log path,,,,,1,0,,sc/decos04_pathsandfences.sc,logpath_plain,logpath_plain,logpath_plain,logpath_plain,,1,1,,999,,,TID_PATHS_DESCRIPTION,TID_DECO_LOGPATH,Buy,TapDecorationGeneric,,TRUE,,TRUE,,TRUE,TRUE,,,,,,800,,
Wheel fence,,,,,1,0,,sc/decos04_pathsandfences.sc,wagonwheel_fence_pole,wagonwheel_fence,wagonwheel_fence_mirrored,wagonwheel_fence_corner,,1,1,,999,,,TID_FENCES_DESCRIPTION,TID_DECO_WHEELFENCE,Buy,TapDecorationGeneric,,TRUE,,,,TRUE,,,,,,,800,,
Flower path,,,,,1,0,,sc/decos04_pathsandfences.sc,wildflower_patch_blue,wildflower_patch_blue,wildflower_patch_blue,wildflower_patch_blue,,1,1,,999,,,TID_PATHS_DESCRIPTION,TID_DECO_FLOWERPATH,Buy,TapDecorationGeneric,,TRUE,,TRUE,,TRUE,TRUE,,,,,,800,Conversion,
Rainbow flower path,,,,,1,0,,sc/decos04_pathsandfences.sc,wildflower_patch_rainbow,wildflower_patch_rainbow,wildflower_patch_rainbow,wildflower_patch_rainbow,,1,1,,999,,,TID_PATHS_DESCRIPTION,TID_DECO_RAINBOWFLOWERPATH,Buy,TapDecorationGeneric,,TRUE,,TRUE,,TRUE,TRUE,,,,,,800,,
Flower log path,,,,,1,0,,sc/decos04_pathsandfences.sc,logpath_flowers,logpath_flowers,logpath_flowers,logpath_flowers,,1,1,,999,,,TID_PATHS_DESCRIPTION,TID_DECO_FLOWERLOGPATH,Buy,TapDecorationGeneric,,TRUE,,TRUE,,TRUE,TRUE,,,,,,800,FP,
Mushroom path,,,,,1,0,,sc/decos04_pathsandfences.sc,mushroom_path_pole,mushroom_path,mushroom_path_mirrored,mushroom_path_corner,,1,1,,999,,,TID_PATHS_DESCRIPTION,TID_DECO_MUSHROOMPATH,Buy,TapDecorationGeneric,,,,TRUE,,TRUE,TRUE,,,,,,800,FP,
CNY Red fence,,,,,1,0,,sc/decos02_seasonal.sc,fence_red_pole,fence_red,fence_red_mirrored,fence_red_corner,,1,1,,999,,,TID_CNY_DECO_DESC,TID_DECO_REDFENCE,Buy,TapDecorationGeneric,,,,,ChineseNewYear,,,,,,,,,,
Star fence,,,,,1,0,,sc/decos02_seasonal.sc,starfence_pole,starfence,starfence_mirrored,starfence_corner,,1,1,,999,,,TID_FENCES_DESCRIPTION,TID_DECO_STARFENCE,Buy,TapDecorationGeneric,,,,,ChineseNewYear,,,,,,,,,,
Ramadan fence,,,,,1,0,,sc/decos02_seasonal.sc,ramadanfence_pole,ramadanfence,ramadanfence_mirrored,ramadanfence_corner,,1,1,,999,,,TID_DECO_RAMADAN_DESCRIPTION,TID_DECO_RAMFENCE,Buy,TapDecorationGeneric,,,,,,,,,,,,,,Shop,
Poisonous mushroom path,,,,,1,0,,sc/decos04_pathsandfences.sc,poisonous_mushroom_path_pole,poisonous_mushroom_path,poisonous_mushroom_path_mirrored,poisonous_mushroom_path_corner,,1,1,,999,,,TID_PATHS_DESCRIPTION,TID_DECO_POISONPATH,Buy,TapDecorationGeneric,,,,TRUE,,TRUE,TRUE,,,,,,800,Shop,
Pasture fence cow,,,,,1,0,,sc/decos04_pathsandfences.sc,cow_fence_pole,cow_fence,cow_fence_mirrored,cow_fence_corner,,1,1,999,,100,1,TID_FENCES_DESCRIPTION,TID_DECO_COWFENCE,Buy,TapDecorationGeneric,TRUE,,5,,,,,TRUE,,,,,800,,
Pasture fence chicken,,,,,1,0,,sc/decos04_pathsandfences.sc,chicken_fence_pole,chicken_fence,chicken_fence_mirrored,chicken_fence_corner,,1,1,999,,100,1,TID_FENCES_DESCRIPTION,TID_DECO_CHICKENFENCE,Buy,TapDecorationGeneric,TRUE,,5,,,,,TRUE,,,,,800,,
Classic farm fence,,,,,1,0,,sc/decos04_pathsandfences.sc,cross_fence_pole,cross_fence,cross_fence_mirrored,cross_fence_corner,,1,1,,999,,,TID_FENCES_DESCRIPTION,TID_DECO_FARMFENCE,Buy,TapDecorationGeneric,,,,,,TRUE,,TRUE,,,,,800,,
Valentine's Fence,,,,,1,0,,sc/decos02_seasonal.sc,fence_Valentines20_pole,fence_Valentines20,fence_Valentines20_mirrored,fence_Valentines20_corner,,1,1,,999,,,TID_FENCES_DESCRIPTION,TID_DECO_HEART_FENCE,Buy,TapDecorationGeneric,,,,,ChineseNewYear,TRUE,,TRUE,,,,,800,Shop,
Halloween Fence,,,,,1,0,,sc/decos04_pathsandfences.sc,fence_halloween_pole,fence_halloween,fence_halloween_mirrored,fence_halloween_corner,,1,1,,999,,,TID_DECO_HALLOWEEN_FENCE_08_DESC,TID_DECO_DARKFENCE,Buy,TapDecorationGeneric,,,,,Halloween,TRUE,,,,,,,,FP,
Hollyhedge Fence,,,,,1,0,,sc/decos04_pathsandfences.sc,fence_hollyhedge_pole,fence_hollyhedge,fence_hollyhedge_mirrored,fence_hollyhedge_corner,,1,1,,5,,,TID_DECO_CHRISTMAS_LIGHT_FENCE_DESC,TID_DECO_HOLLYHEDGE,Buy,TapDecorationGeneric,TRUE,,,,Christmas,,,,,,,,,FP,
Star path,,,,,1,0,,sc/decos04_pathsandfences.sc,starpath,starpath,starpath,starpath,,1,1,,999,,,TID_PATHS_DESCRIPTION,TID_DECO_STARTILE,Buy,TapDecorationGeneric,,,,TRUE,Christmas,TRUE,TRUE,,,,,,800,FP,
Alpine Fence,,,,,1,0,,sc/decos04_pathsandfences.sc,alpine_fence_pole,alpine_fence,alpine_fence_mirrored,alpine_fence_corner,,1,1,,999,,,TID_FENCES_DESCRIPTION,TID_DECO_ALPINEFENCE,Buy,TapDecorationGeneric,,,,,ChineseNewYear,TRUE,,,,,,,800,FP,
Crocus patch,,,,,1,0,,sc/decos04_pathsandfences.sc,crocus_patch,crocus_patch,crocus_patch,crocus_patch,,1,1,,999,,,TID_PATHS_DESCRIPTION,TID_DECO_CROCUS,Buy,TapDecorationGeneric,,,,,,TRUE,TRUE,,,,,,800,FP,
Spring Fence,,,,,1,0,,sc/decos04_pathsandfences.sc,fence_beefence_pole,fence_beefence,fence_beefence_mirrored,fence_beefence_corner,,1,1,,999,,,TID_FENCES_DESCRIPTION,TID_DECO_SPRINGFENCE,Buy,TapDecorationGeneric,,,,,,,,,,,,,800,FP,
Party Fence,,,,,1,0,,sc/decos04_pathsandfences.sc,fence_partyfence_pole,fence_partyfence,fence_partyfence_mirrored,fence_partyfence_corner,,1,1,,999,,,TID_FENCES_DESCRIPTION,TID_DECO_PARTY_FENCE,Buy,TapDecorationGeneric,,,,,,,,,,,,,800,Shop,
Beach Fence,,,140,,1,0,,sc/decos04_pathsandfences.sc,beach_fence_pole,beach_fence,beach_fence_mirrored,beach_fence_corner,,1,1,,999,,,TID_FENCES_DESCRIPTION,TID_DECO_BEACHFENCE,Buy,TapDecorationGeneric,,,,,,,,,,,,,800,Shop,
Fall Hedge,,,,,1,0,,sc/decos04_pathsandfences.sc,fall_hedge_pole,fall_hedge_01,fall_hedge_01_mirrored,fall_hedge_corner,,1,1,,999,,,TID_HEDGES_DESCRIPTION,TID_DECO_FALL_HEDGE,Buy,TapDecorationGeneric,,,,,,,,,,,,,800,FP,
Sugarskull path,,,,,1,0,,sc/decos04_pathsandfences.sc,sugarskull_path_pole,sugarskull_path,sugarskull_path_mirrored,sugarskull_path_corner,,1,1,,999,,,TID_DECO_HAUNTED_BIRDHOUSE_DESC,TID_DECO_SUGARSKULL_PATH,Buy,TapDecorationGeneric,,,,,Halloween,TRUE,TRUE,,,,,,800,FP,
Snowcastle fence,,,,,1,0,,sc/decos04_pathsandfences.sc,fence_snowcastlefence_pole,fence_snowcastlefence,fence_snowcastlefence_mirrored,fence_snowcastlefence_corner,,1,1,,999,,,TID_FENCES_DESCRIPTION,TID_DECO_SNOWCASTLEFENCE,Buy,TapDecorationGeneric,,,,,Halloween,TRUE,TRUE,,,,,,800,Shop,
Rosepetal path,,,,,1,0,,sc/decos04_pathsandfences.sc,rosepetal_path_pole,rosepetal_path,rosepetal_path_mirrored,rosepetal_path_corner,,1,1,,999,,,TID_PATHS_DESCRIPTION,TID_DECO_ROSEPETAL_PATH,Buy,TapDecorationGeneric,,,,TRUE,,TRUE,TRUE,,,,,,800,Shop,
Hanami path,,,,,1,0,,sc/decos04_pathsandfences.sc,hanami_path,hanami_path,hanami_path,hanami_path,,1,1,,999,,,TID_PATHS_DESCRIPTION,TID_DECO_HANAMI_PATH,Buy,TapDecorationGeneric,,,,TRUE,,TRUE,TRUE,,,,,,800,FP,
Purple Hedge,,,110,,1,0,,sc/decos04_pathsandfences.sc,purple_hedge_pole,purple_hedge,purple_hedge_mirrored,purple_hedge_corner,,1,1,,999,,,TID_HEDGES_DESCRIPTION,TID_DECO_PURPLE_HEDGE,Buy,TapDecorationGeneric,,TRUE,,,,,,,,,,,800,,
Olympic Path,,,120,,1,0,,sc/decos04_pathsandfences.sc,olympic_path,olympic_path,olympic_path,olympic_path,,1,1,,999,,,TID_PATHS_DESCRIPTION,TID_DECO_OLYMPIC_PATH,Buy,TapDecorationGeneric,,,,TRUE,,,,,,,,,800,,
Olympic fence,,,,,1,0,,sc/decos04_pathsandfences.sc,olympic_fence_pole,olympic_fence,olympic_fence_mirrored,olympic_fence_corner,,1,1,,999,,,TID_FENCES_DESCRIPTION,TID_DECO_OLYMPIC_FENCE,Buy,TapDecorationGeneric,,,,,,,,,,,,,800,,
Orange fence,,,,,1,0,,sc/decos04_pathsandfences.sc,orange_fence_pole,orange_fence,orange_fence_mirrored,orange_fence_corner,,1,1,,999,,,TID_FENCES_DESCRIPTION,TID_DECO_ORANGE_FENCE,Buy,TapDecorationGeneric,,TRUE,,,,,,,,,,,800,,
Colorful Path,,,,,1,0,,sc/decos04_pathsandfences.sc,colorful_path_pole,colorful_path,colorful_path_mirrored,colorful_path_corner,,1,1,,999,,,TID_PATHS_DESCRIPTION,TID_DECO_COLORFUL_PATH,Buy,TapDecorationGeneric,,TRUE,,TRUE,,,,,,,,,800,,
Mosaic Path,,,110,,1,0,,sc/decos04_pathsandfences.sc,ramadan_path,ramadan_path,ramadan_path,ramadan_path,,1,1,,999,,,TID_PATHS_DESCRIPTION,TID_DECO_MOSAIC_PATH,Buy,TapDecorationGeneric,,TRUE,,TRUE,,,,,,,,,,,
Flag fence,,,,,1,0,,sc/decos04_pathsandfences.sc,fence_10th_birthday_pole,fence_10th_birthday,fence_10th_birthday_mirrored,fence_10th_birthday_corner,,1,1,,999,,,TID_FENCES_DESCRIPTION,TID_DECO_FLAG_FENCE,Buy,TapDecorationGeneric,,TRUE,,,,,,,,,,,800,FP,
Birdhouse fence,,,,,1,0,,sc/decos04_pathsandfences.sc,pet_bird_fence_pole,pet_bird_fence,pet_bird_fence_mirrored,pet_bird_fence_corner,,1,1,,999,,,TID_FENCES_DESCRIPTION,TID_DECO_BIRDHOUSE_FENCE,Buy,TapDecorationGeneric,,TRUE,,,,,,,,,,,800,,
Rustic fence,,,,,1,0,,sc/decos04_pathsandfences.sc,rustic_fence_pole,rustic_fence,rustic_fence_mirrored,rustic_fence_corner,,1,1,,999,,,TID_FENCES_DESCRIPTION,TID_DECO_RUSTIC_FENCE,Buy,TapDecorationGeneric,,TRUE,,,,,,,,,,,800,,
Succulent path,,,,,1,0,,sc/decos04_pathsandfences.sc,succulent_path_pole,succulent_path,succulent_path_mirrored,succulent_path_corner,,1,1,,999,,,TID_PATHS_DESCRIPTION,TID_DECO_SUCCULENT_PATH,Buy,TapDecorationGeneric,,,,TRUE,,TRUE,TRUE,,,,,,800,,
Potted fence,,,,,1,0,,sc/decos04_pathsandfences.sc,potted_fence_pole,potted_fence,potted_fence_mirrored,potted_fence_corner,,1,1,,999,,,TID_FENCES_DESCRIPTION,TID_DECO_POTTED_FENCE,Buy,TapDecorationGeneric,,,,,,,,,,,,,800,FP,
Restaurant fence,,,,,1,0,,sc/decos04_pathsandfences.sc,table_fence_pole,table_fence,table_fence_mirrored,table_fence_corner,,1,1,,999,,,TID_FENCES_DESCRIPTION,TID_DECO_RESTAURANT_FENCE,Buy,TapDecorationGeneric,,TRUE,,,,,,,,,,,,,
Brick path,,,110,,1,0,,sc/decos04_pathsandfences.sc,brick_path_pole,brick_path,brick_path_mirrored,brick_path_corner,,1,1,,999,,,TID_PATHS_DESCRIPTION,TID_DECO_BRICK_PATH,Buy,TapDecorationGeneric,,,,TRUE,,TRUE,TRUE,,,,,,,,
Stable fence,,,,,1,0,,sc/decos04_pathsandfences.sc,stable_fence_pole,stable_fence,stable_fence_mirrored,stable_fence_corner,,1,1,,999,,,TID_FENCES_DESCRIPTION,TID_DECO_STABLE_FENCE,Buy,TapDecorationGeneric,,,,,,,,,,,,,,,
Halloween path,,,90,,1,0,,sc/decos04_pathsandfences.sc,halloween_path,halloween_path,halloween_path,halloween_path,,1,1,,999,,,TID_PATHS_DESCRIPTION,TID_DECO_HALLOWEENPATH,Buy,TapDecorationGeneric,,,,TRUE,,TRUE,TRUE,,,,,,800,,
Jade path,,,115,,1,0,,sc/decos04_pathsandfences.sc,jade_path,jade_path,jade_path,jade_path,,1,1,,999,,,TID_PATHS_DESCRIPTION,TID_DECO_JADE_PATH,Buy,TapDecorationGeneric,,,,TRUE,,,,,,,,,800,,
Bamboo fence,,,,,1,0,,sc/decos04_pathsandfences.sc,bamboo_fence_pole,bamboo_fence,bamboo_fence_mirrored,bamboo_fence_corner,,1,1,,999,,,TID_FENCES_DESCRIPTION,TID_DECO_BAMBOO_FENCE,Buy,TapDecorationGeneric,,TRUE,,,,,,,,,,,800,,
Masonry fence,,,,,1,0,,sc/decos04_pathsandfences.sc,masonry_fence_pole,masonry_fence,masonry_fence_mirrored,masonry_fence_corner,,1,1,,999,,,TID_FENCES_DESCRIPTION,TID_DECO_MASONRY_FENCE,Buy,TapDecorationGeneric,,TRUE,,,,,,,,,,,800,,
Easter tile,,,120,,1,0,,sc/decos04_pathsandfences.sc,easter_tile,easter_tile,easter_tile,easter_tile,,1,1,,999,,,TID_PATHS_DESCRIPTION,TID_DECO_EASTER_TILE,Buy,TapDecorationGeneric,,,,TRUE,Easter,,,,,,,,800,,
Bunny hedge,,,,,1,0,,sc/decos04_pathsandfences.sc,bunnyhedge_pole,bunnyhedge_fence,bunnyhedge_mirrored,bunnyhedge_corner,,1,1,,999,,,TID_HEDGES_DESCRIPTION,TID_DECO_BUNNY_HEDGE,Buy,TapDecorationGeneric,,,,,,,,,,,,,,,
Venetian fence,,,,,1,0,,sc/decos04_pathsandfences.sc,venetian_fence_pole,venetian_fence,venetian_fence_mirrored,venetian_fence_corner,,1,1,,999,,,TID_FENCES_DESCRIPTION,TID_DECO_VENETIAN_FENCE,Buy,TapDecorationGeneric,,,,,,,,,,,,,,,
Crescent tile,,,120,,1,0,,sc/decos04_pathsandfences.sc,crescent_path,crescent_path,crescent_path,crescent_path,,1,1,,999,,,TID_PATHS_DESCRIPTION,TID_DECO_CRESCENT_TILE,Buy,TapDecorationGeneric,,,,TRUE,,,,,,,,,800,,
Crescent fence,,,,,1,0,,sc/decos04_pathsandfences.sc,crescent_fence_pole,crescent_fence,crescent_fence_mirrored,crescent_fence_corner,,1,1,,999,,,TID_FENCES_DESCRIPTION,TID_DECO_CRESCENT_FENCE,Buy,TapDecorationGeneric,,,,,,,,,,,,,,,
Rainbow path,,,,,1,0,,sc/decos04_pathsandfences.sc,rainbow_path,rainbow_path,rainbow_path,rainbow_path,,1,1,,999,,,TID_PATHS_DESCRIPTION,TID_DECO_RAINBOW_PATH,Buy,TapDecorationGeneric,,,,TRUE,,,,,,,,,,,
Horseshoe fence,,,,,1,0,,sc/decos04_pathsandfences.sc,horseshoe_fence_pole,horseshoe_fence_fence,horseshoe_fence_mirrored,horseshoe_fence_corner,,1,1,,999,,,TID_FENCES_DESCRIPTION,TID_DECO_HORSESHOE_FENCE,Buy,TapDecorationGeneric,,,,,,,,,,,,,,,
Gravel path grey,,,,,1,0,,sc/decos04_pathsandfences.sc,gravel_grey_path,gravel_grey_path,gravel_grey_path,gravel_grey_path,,1,1,,999,,,TID_PATHS_DESCRIPTION,TID_DECO_GRAVEL_GRAY,Buy,TapDecorationGeneric,,,,TRUE,,,,,,,,,,,
Gravel path white,,,,,1,0,,sc/decos04_pathsandfences.sc,gravel_white_path,gravel_white_path,gravel_white_path,gravel_white_path,,1,1,,999,,,TID_PATHS_DESCRIPTION,TID_DECO_GRAVEL_WHITE,Buy,TapDecorationGeneric,,,,TRUE,,,,,,,,,,,
Gravel path pastel,,,,,1,0,,sc/decos04_pathsandfences.sc,gravel_pastel_path,gravel_pastel_path,gravel_pastel_path,gravel_pastel_path,,1,1,,999,,,TID_PATHS_DESCRIPTION,TID_DECO_GRAVEL_PASTEL,Buy,TapDecorationGeneric,,,,TRUE,,,,,,,,,,,
Gravel path brown,,,,,1,0,,sc/decos04_pathsandfences.sc,gravel_brown_path,gravel_brown_path,gravel_brown_path,gravel_brown_path,,1,1,,999,,,TID_PATHS_DESCRIPTION,TID_DECO_GRAVEL_BROWN,Buy,TapDecorationGeneric,,,,TRUE,,,,,,,,,,,
Gravel path pattern,,,,,1,0,,sc/decos04_pathsandfences.sc,gravel_pattern1_path,gravel_pattern1_path,gravel_pattern1_path,gravel_pattern1_path,,1,1,,999,,,TID_PATHS_DESCRIPTION,TID_DECO_GRAVEL_PATTERN,Buy,TapDecorationGeneric,,,,TRUE,,,,,,,,,,,
Park path,,,,,1,0,,sc/decos04_pathsandfences.sc,park_path,park_path,park_path,park_path,,1,1,,999,,,TID_PATHS_DESCRIPTION,TID_DECO_PARK_PATH,Buy,TapDecorationGeneric,,,,TRUE,,,,,,,,,,,
Garden flowers,,,,,1,0,,sc/decos04_pathsandfences.sc,garden_flowers_pole,garden_flowers,garden_flowers_mirrored,garden_flowers_corner,,1,1,,999,,,TID_PATHS_DESCRIPTION,TID_DECO_GARDEN_FLOWERS,Buy,TapDecorationGeneric,,,,,,,,,,,,,,,
Railroad fence,,,115,,1,0,,sc/decos04_pathsandfences.sc,railroad_fence_pole,railroad_fence,railroad_fence_mirrored,railroad_fence_corner,,1,1,,999,,,TID_FENCES_DESCRIPTION,TID_DECO_RAILROAD_FENCE,Buy,TapDecorationGeneric,,TRUE,,,,,,,,,,,,,
Flowershop fence,,,,,1,0,,sc/decos04_pathsandfences.sc,flowershop_fence_pole,flowershop_fence,flowershop_fence_mirrored,flowershop_fence_corner,,1,1,,999,,,TID_FENCES_DESCRIPTION,TID_DECO_FLOWERSHOP_FENCE,Buy,TapDecorationGeneric,,TRUE,,,,,,,,,,,,,
Flower tile,,,115,,1,0,,sc/decos04_pathsandfences.sc,flowershop_tile,flowershop_tile,flowershop_tile,flowershop_tile,,1,1,,999,,,TID_PATHS_DESCRIPTION,TID_DECO_FLOWER_TILE,Buy,TapDecorationGeneric,,TRUE,,TRUE,,,,,,,,,,,
Snowdrop patch,,,,,1,0,,sc/decos04_pathsandfences.sc,snowdrop_patch_pole,snowdrop_patch,snowdrop_patch_mirrored,snowdrop_patch_corner,snowdrop_patch_pole,1,1,,999,,,TID_PATHS_DESCRIPTION,TID_DECO_SNOWDROP,Buy,TapDecorationGeneric,,,,,,,,,,,,,,,
Tropical fence,,,,,1,0,,sc/decos04_pathsandfences.sc,tropical_fence_pole,tropical_fence,tropical_fence_mirrored,tropical_fence_corner,,1,1,,999,,,TID_FENCES_DESCRIPTION,TID_DECO_TROPICAL_FENCE,Buy,TapDecorationGeneric,,,,,,,,,,,,,,,
Barrel fence,,,,,1,0,,sc/decos04_pathsandfences.sc,barrel_fence_pole,barrel_fence,barrel_fence_mirrored,barrel_fence_corner,,1,1,,999,,,TID_FENCES_DESCRIPTION,TID_DECO_BARREL_FENCE,Buy,TapDecorationGeneric,,,,,,,,,,,,,,,
Brown sunflower path,,,120,,1,0,,sc/decos04_pathsandfences.sc,sunflowerpath_brown_pole,sunflowerpath_brown,sunflowerpath_brown_mirrored,sunflowerpath_brown_corner,,1,1,,999,,,TID_PATHS_DESCRIPTION,TID_DECO_BROWN_SUNFLOWER_PATH,Buy,TapDecorationGeneric,,,,TRUE,,,,,,,,,,,
Mint sunflower path,,,120,,1,0,,sc/decos04_pathsandfences.sc,sunflowerpath_mint_pole,sunflowerpath_mint,sunflowerpath_mint_mirrored,sunflowerpath_mint_corner,,1,1,,999,,,TID_PATHS_DESCRIPTION,TID_DECO_MINT_SUNFLOWER_PATH,Buy,TapDecorationGeneric,,,,TRUE,,,,,,,,,,,
Sunflower fence,,,,,1,0,,sc/decos04_pathsandfences.sc,sunflowerfence_pole,sunflowerfence_fence,sunflowerfence_mirrored,sunflowerfence_corner,,1,1,,999,,,TID_FENCES_DESCRIPTION,TID_DECO_SUNFLOWER_FENCE,Buy,TapDecorationGeneric,,,,,,,,,,,,,,,
Pumpkin_fence,,,,,1,0,,sc/decos04_pathsandfences.sc,pumpkin_fence_pole,pumpkin_fence,pumpkin_fence_mirrored,pumpkin_fence_corner,,1,1,,999,,,TID_FENCES_DESCRIPTION,TID_DECO_PUMPKIN_FENCE,Buy,TapDecorationGeneric,,TRUE,,,,,,,,,,,,,
Wicker_fence,,,,,1,0,,sc/decos04_pathsandfences.sc,wicker_fence_pole,wicker_fence,wicker_fence_mirrored,wicker_fence_corner,,1,1,,999,,,TID_FENCES_DESCRIPTION,TID_DECO_WICKER_FENCE,Buy,TapDecorationGeneric,,TRUE,,,,,,,,,,,,,
Round_stone_path,,,120,,1,0,,sc/decos04_pathsandfences.sc,round_stone_path_pole,round_stone_path,round_stone_path_mirrored,round_stone_path_corner,round_stone_path_pole,1,1,,999,,,TID_PATHS_DESCRIPTION,TID_DECO_ROUND_STONE_PATH,Buy,TapDecorationGeneric,,TRUE,,TRUE,,,,,,,,,,,
Bones_fence,,,,,1,0,,sc/decos04_pathsandfences.sc,bones_fence_pole,bones_fence,bones_fence_mirorred,bones_fence_corner,,1,1,,999,,,TID_FENCES_DESCRIPTION,TID_DECO_BONES_FENCE,Buy,TapDecorationGeneric,,,,,,,,,,,,,,,
Bavarian_path,,,115,,1,0,,sc/decos04_pathsandfences.sc,bavarian_path_1x1,bavarian_path_1x1,bavarian_path_1x1,bavarian_path_1x1,,1,1,,999,,,TID_PATHS_DESCRIPTION,TID_DECO_BAVARIAN_PATH,Buy,TapDecorationGeneric,,,,TRUE,,,,,,,,,,,
Autumn_path,,,110,,1,0,,sc/decos04_pathsandfences.sc,autumn_path_pole,autumn_path,autumn_path_mirrored,autumn_path_corner,autumn_path_pole,1,1,,999,,,TID_PATHS_DESCRIPTION,TID_DECO_AUTUMN_PATH,Buy,TapDecorationGeneric,,,,TRUE,,,,,,,,,,,
Mooncake_tile,,,120,,1,0,,sc/decos04_pathsandfences.sc,mooncake_tile,mooncake_tile,mooncake_tile,mooncake_tile,,1,1,,999,,,TID_PATHS_DESCRIPTION,TID_DECO_MOONCAKE_TILE,Buy,TapDecorationGeneric,,,,TRUE,,,,,,,,,,,
Calluna_patch,,,90,,1,0,,sc/decos04_pathsandfences.sc,calluna_patch_pole,calluna_patch,calluna_patch_mirrored,calluna_patch_corner,calluna_patch_pole,1,1,,999,,,TID_PATHS_DESCRIPTION,TID_DECO_CALLUNA_PATCH,Buy,TapDecorationGeneric,,,,,,,,,,,,,,,
Cheesemoon path,,,,,1,0,,sc/decos04_pathsandfences.sc,moontile,moontile,moontile,moontile,,1,1,,999,,,TID_PATHS_DESCRIPTION,TID_DECO_CHEESEMOON_PATH,Buy,TapDecorationGeneric,,,,TRUE,,,,,,,,,,,
Spider fence,,,,,1,0,,sc/decos04_pathsandfences.sc,spidertree_pole,spidertree_fence,spidertree_mirrored,spidertree_corner,,1,1,,999,,,TID_FENCES_DESCRIPTION,TID_DECO_SPIDER_FENCE,Buy,TapDecorationGeneric,,,,,Halloween,,,,,,,,,,
Market fence,,,90,,1,0,,sc/decos04_pathsandfences.sc,christmas_fence_pole,christmas_fence,christmas_fence_mirrored,christmas_fence_corner,,1,1,,999,,,TID_FENCES_DESCRIPTION,TID_DECO_MARKET_FENCE,Buy,TapDecorationGeneric,,,,,Christmas,,,,,,,,,,
Snowflake_tile,,,120,,1,0,,sc/decos04_pathsandfences.sc,snowflake_tile,snowflake_tile,snowflake_tile,snowflake_tile,,1,1,,999,,,TID_PATHS_DESCRIPTION,TID_DECO_SNOWFLAKE_TILE,Buy,TapDecorationGeneric,,,,TRUE,,,,,,,,,,,
Snowy hedge,,,120,,1,0,,sc/decos04_pathsandfences.sc,snowy_hedge_pole,snowy_hedge,snowy_hedge_mirrored,snowy_hedge_corner,,1,1,,999,,,TID_HEDGES_DESCRIPTION,TID_DECO_SNOWY_HEDGE,Buy,TapDecorationGeneric,,,,,,,,,,,,,,,
Shamrock path,,,120,,1,0,,sc/decos04_pathsandfences.sc,shamrock_path_pole,shamrock_path,shamrock_path_mirrored,shamrock_path_corner,,1,1,,999,,,TID_PATHS_DESCRIPTION,TID_DECO_SHAMROCK_PATH,Buy,TapDecorationGeneric,,,,,,,,,,,,,,,
Musical note fence,,,,,1,0,,sc/decos04_pathsandfences.sc,musical_fence_pole,musical_fence,musical_fence_mirrored,musical_fence_corner,,1,1,,999,,,TID_FENCES_DESCRIPTION,TID_DECO_MUSICAL_FENCE,Buy,TapDecorationGeneric,,,,,,,,,,,,,,,
Carrot fence,,,,,1,0,,sc/decos04_pathsandfences.sc,carrot_fence_pole,carrot_fence,carrot_fence_mirrored,carrot_fence_corner,,1,1,,999,,,TID_FENCES_DESCRIPTION,TID_DECO_CARROT_FENCE,Buy,TapDecorationGeneric,,,,,Easter,,,,,,,,,,
Derby fence,,,,,1,0,,sc/decos04_pathsandfences.sc,horsewood_fence_pole,horsewood_fence,horsewood_fence_mirrored,horsewood_fence_corner,,1,1,,999,,,TID_FENCES_DESCRIPTION,TID_DECO_DERBY_FENCE,Buy,TapDecorationGeneric,,,,,,,,,,,,,,,
Koi fence,,,,,1,0,,sc/placeholders.sc,placeholder_fence_pole,placeholder_fence,placeholder_fence_mirrored,placeholder_deco_corner,,1,1,,999,,,TID_FENCES_DESCRIPTION,TID_DECO_KOI_FENCE,Buy,TapDecorationGeneric,,,,,,,,,,,,,,,
Fish path,,,,,1,0,,sc/placeholders.sc,placeholder_deco_1x1,placeholder_deco_1x1,placeholder_deco_1x1,placeholder_deco_1x1,,1,1,,999,,,TID_FENCES_DESCRIPTION,TID_DECO_FISH_PATH,Buy,TapDecorationGeneric,,,,TRUE,,,,,,,,,,,
Vine trellis,,,,,1,0,,sc/placeholders.sc,placeholder_fence_pole,placeholder_fence,placeholder_fence_mirrored,placeholder_deco_corner,,1,1,,999,,,TID_FENCES_DESCRIPTION,TID_DECO_VINE_TRELLIS,Buy,TapDecorationGeneric,,,,,,,,,,,,,,,
Checkered path,,,,,1,0,,sc/placeholders.sc,placeholder_deco_1x1,placeholder_deco_1x1,placeholder_deco_1x1,placeholder_deco_1x1,,1,1,,999,,,TID_FENCES_DESCRIPTION,TID_DECO_CHECKERED_PATH,Buy,TapDecorationGeneric,,,,TRUE,,,,,,,,,,,
Honeycomb path,,,,,1,0,,sc/placeholders.sc,placeholder_deco_1x1,placeholder_deco_1x1,placeholder_deco_1x1,placeholder_deco_1x1,,1,1,,999,,,TID_FENCES_DESCRIPTION,TID_DECO_HONEYCOMB_PATH,Buy,TapDecorationGeneric,,,,TRUE,,,,,,,,,,,
Stonemasons path,,,,,1,0,,sc/placeholders.sc,placeholder_deco_1x1,placeholder_deco_1x1,placeholder_deco_1x1,placeholder_deco_1x1,,1,1,,999,,,TID_FENCES_DESCRIPTION,TID_DECO_STONEMASONS_PATH,Buy,TapDecorationGeneric,,,,TRUE,,,,,,,,,,,
