Name,FileNames,MinVolume,MaxVolume,FileNameLite,MinVolumeLite,MaxVolumeLite,FadeOutRadius,MaxVolumeRadius,MinPitch,MaxPitch,IsMusic
String,String,int,int,String,int,int,int,int,int,int,boolean
CuttingCrop,audio/sfx/ogg/cutting_crop_1.ogg,77,80,,,,2,10,96,108,
,audio/sfx/ogg/cutting_crop_2.ogg,77,80,,,,2,10,96,108,
SickleBeginCutting,audio/sfx/ogg/sickle_begin_cutting.ogg,100,101,,,,2,10,100,100,
EarningMoney,audio/sfx/ogg/earn_money_01_new.ogg,48,48,,,,100,100,96,108,
,audio/sfx/ogg/earn_money_02_new.ogg,48,48,,,,100,100,96,108,
GettingXP,audio/sfx/ogg/gain_xp_temp_03.ogg,100,100,,,,100,100,98,106,
LevelUp,audio/sfx/ogg/level_up_04.ogg,65,65,,,,100,100,100,100,
MenuBleep,audio/sfx/ogg/menu_bleep.ogg,56,56,,,,100,100,100,100,
CarLoop,audio/sfx/ogg/car_loop_2.ogg,37,37,,,,1,10,100,100,
CarHorn,audio/sfx/ogg/car_horn.ogg,22,22,,,,2,11,100,100,
BigPineTap,audio/sfx/ogg/big_pine.ogg,45,45,,,,2,10,96,108,
SmallPineCollect,audio/sfx/ogg/small_pine_axe_fall_01.ogg,55,55,,,,2,10,96,108,
BigPineCollect,audio/sfx/ogg/big_pine_saw_fall_01.ogg,55,55,,,,2,10,96,108,
BigRockCollect,audio/sfx/ogg/rock_deto_blast_01.ogg,61,61,,,,2,10,96,108,
BigRockTap,audio/sfx/ogg/big_rock_hit.ogg,26,26,,,,2,10,96,108,
BigSwampTap,audio/sfx/ogg/big_swamp_step.ogg,37,37,,,,2,10,96,108,
BigSwampCollect,audio/sfx/ogg/swamp_dig_collect_01.ogg,41,41,,,,2,10,96,108,
BakeryTap,audio/sfx/ogg/bakery_door_1.ogg,34,34,audio/sfx/ogg/add_to_queue.ogg,38,38,2,10,96,108,
ConstructionSite,audio/sfx/ogg/construction_site_newer_02.ogg,89,89,,,,2,10,96,108,
CropIntoSilo,audio/sfx/ogg/crop_into_silo_1.ogg,52,52,,,,100,100,96,108,
,audio/sfx/ogg/crop_into_silo_2.ogg,52,52,,,,100,100,96,108,
River,audio/sfx/ogg/river_temp_03.ogg,19,19,,,,3,6,100,100,
LoomTap,audio/sfx/ogg/loom.ogg,60,60,audio/sfx/ogg/add_to_queue.ogg,38,38,2,10,96,108,
LoomTapProcessing,audio/sfx/ogg/loom_loop_new.ogg,60,60,audio/sfx/ogg/add_to_queue.ogg,38,38,2,10,96,108,
PopcornPotTap,audio/sfx/ogg/popcorn_pot_metal_pot.ogg,34,34,audio/sfx/ogg/add_to_queue.ogg,38,38,2,10,96,108,
PopcornPotTapProcessing,audio/sfx/ogg/popcorn_pot_processing_02.ogg,77,77,audio/sfx/ogg/add_to_queue.ogg,38,38,2,10,96,108,
DairyTap,audio/sfx/ogg/select_hihna_kolisee_02.ogg,50,50,audio/sfx/ogg/add_to_queue.ogg,38,38,2,10,96,108,
DairyTapProcessing,audio/sfx/ogg/rullahihna_loop_2_new_02.ogg,46,46,audio/sfx/ogg/add_to_queue.ogg,38,38,2,10,96,108,
SugarmillTap,audio/sfx/ogg/sugarmill.ogg,100,100,audio/sfx/ogg/add_to_queue.ogg,38,38,2,10,96,108,
SugarmillTapProcessing,audio/sfx/ogg/sugarmill_loop_new.ogg,100,100,audio/sfx/ogg/add_to_queue.ogg,38,38,2,10,96,108,
BarbecueTapProcessing,audio/sfx/ogg/paistuu_02.ogg,64,64,audio/sfx/ogg/add_to_queue.ogg,38,38,2,10,96,108,
SelectBakeryInProgress,audio/sfx/ogg/bakery.ogg,43,43,audio/sfx/ogg/add_to_queue.ogg,38,38,2,10,96,108,
SelectCakeOwenIdle,audio/sfx/ogg/luukku_2.ogg,52,52,audio/sfx/ogg/add_to_queue.ogg,38,38,2,10,96,108,
SelectPieOwenIdle,audio/sfx/ogg/luukku_2.ogg,52,52,audio/sfx/ogg/add_to_queue.ogg,38,38,2,10,96,108,
InstantComplete,audio/sfx/ogg/magic_03.ogg,42,42,,,,100,100,100,100,
SelectDraggableItem,audio/sfx/ogg/menu_ingame_pause_open.ogg,44,44,,,,100,100,100,100,
OKButton,audio/sfx/ogg/menu_switch.ogg,33,33,,,,100,100,100,100,
FrogTap,audio/sfx/ogg/frog_temp_01.ogg,15,15,,,,3,10,95,112,
Collect,audio/sfx/ogg/collect_new_temp_01.ogg,56,56,,,,100,100,96,108,
,audio/sfx/ogg/collect_new_temp_02.ogg,56,56,,,,100,100,96,108,
SelectCakeOwenProcess,audio/sfx/ogg/cake_in_owen_new_01.ogg,72,72,audio/sfx/ogg/add_to_queue.ogg,38,38,2,10,96,108,
SelecPieOwenProcess,audio/sfx/ogg/cake_in_owen_new_01.ogg,78,78,audio/sfx/ogg/add_to_queue.ogg,38,38,2,10,96,108,
RandomPigs,audio/sfx/ogg/possuja_02.ogg,37,37,,,,1,14,96,108,
RandomCow,audio/sfx/ogg/cows_new.ogg,36,36,,,,1,14,96,108,
RandomChicken,audio/sfx/ogg/chickens_02.ogg,33,33,,,,1,14,96,108,
RandomSheep,audio/sfx/ogg/sheep_herd_03.ogg,28,28,,,,1,14,96,108,
HammermillTap,audio/sfx/ogg/food_mix_wooden_spoon.ogg,85,85,audio/sfx/ogg/add_to_queue.ogg,38,38,2,10,96,108,
HammerMillTapProcessing,audio/sfx/ogg/food_mixer_loop_new.ogg,85,85,audio/sfx/ogg/add_to_queue.ogg,38,38,2,10,96,108,
Buy,audio/sfx/ogg/earning_money_2.ogg,45,45,,,,100,100,96,108,
CoinXpExplosion,audio/sfx/ogg/coin_xp_explo_temp_02.ogg,66,66,,,,100,100,100,100,
TapChicken,audio/sfx/ogg/chicken_idle_1.ogg,33,33,,,,3,8,96,108,
TapCow,audio/sfx/ogg/cow_idle2_1.ogg,26,26,,,,3,8,96,108,
TapPig,audio/sfx/ogg/pig_idle_3.ogg,19,19,,,,3,8,96,108,
TapSheep,audio/sfx/ogg/tap_sheep_02.ogg,25,25,,,,3,8,96,108,
FeedAnimal,audio/sfx/ogg/add_to_queue.ogg,38,38,,,,2,10,96,108,
,audio/sfx/ogg/add_to_queue_3.ogg,38,38,,,,2,10,96,108,
CropSeed,audio/sfx/ogg/crops_seeding_1.ogg,28,30,,,,2,10,96,108,
,audio/sfx/ogg/crops_seeding_2.ogg,28,30,,,,2,10,96,108,
,audio/sfx/ogg/crops_seeding_3.ogg,28,30,,,,2,10,96,108,
SiloWareHouseUpgrade,audio/sfx/ogg/silo_warehouse_upgrade_02.ogg,77,77,,,,100,100,100,100,
TreasureBox,audio/sfx/ogg/magic_03.ogg,42,42,,,,100,100,100,100,
TreasureBoxLocked,audio/sfx/ogg/treasure_box_locked_temp_01.ogg,61,61,,,,100,100,100,100,
FoxTap,audio/sfx/ogg/fox_growl_temp_02.ogg,75,75,,,,3,10,96,112,
MailboxTap,audio/sfx/ogg/mail_box_tap_01.ogg,34,34,,,,2,10,96,106,
IntroMusic,audio/music/ogg/hayday_intro_01-1.ogg,22,22,,,,100,100,100,100,TRUE
InGameMusic,audio/music/ogg/hayday_ingame_music_03.ogg,13,13,,,,100,100,100,100,TRUE
WaterTap,audio/sfx/ogg/water_tap_01.ogg,25,25,,,,3,12,98,112,
NewspaperPage,audio/sfx/ogg/news_paper_page02.ogg,60,60,,,,100,100,96,104,
JuicePressIdle,audio/sfx/ogg/juice_press_idle_01.ogg,88,88,audio/sfx/ogg/add_to_queue.ogg,38,38,2,10,96,108,
JuicePressProcessing,audio/sfx/ogg/juice_press_process_01.ogg,54,54,audio/sfx/ogg/add_to_queue.ogg,38,38,2,10,96,108,
ClaimAchievement,audio/sfx/ogg/level_up_04.ogg,55,55,,,,100,100,100,100,
BoatLoop,audio/sfx/ogg/boat_engine_02.ogg,48,48,,,,2,11,100,100,
BoatHorn,audio/sfx/ogg/boat_horn_01.ogg,30,30,,,,2,27,100,100,
JamMakerProcessing,audio/sfx/ogg/jammaker_processing.ogg,59,59,audio/sfx/ogg/add_to_queue.ogg,38,38,2,15,98,108,
RandomGoats,audio/sfx/ogg/goats_idle_02.ogg,52,52,,,,1,14,96,108,
TapGoat,audio/sfx/ogg/tap_goat_02.ogg,37,37,,,,3,8,80,88,
SpinWheelTick,audio/sfx/ogg/menu_bleep.ogg,56,56,,,,100,100,100,100,
SpinWheelReward,audio/sfx/ogg/magic_03.ogg,42,42,,,,100,100,100,100,
SpinWheelJackpot,audio/sfx/ogg/level_up_04.ogg,55,55,,,,100,100,100,100,
SpinWheelBuySpin,audio/sfx/ogg/magic_03.ogg,42,42,,,,100,100,100,100,
WheelCarHorn,audio/sfx/ogg/wheel_car_honky_02.ogg,43,43,,,,1,25,100,100,
DogTap,audio/sfx/ogg/dog_bark_demo_01.ogg,44,44,,,,3,13,96,104,
,audio/sfx/ogg/dog_bark_demo_02.ogg,46,46,,,,3,13,96,104,
CatTap,audio/sfx/ogg/cat_meow_demo_01.ogg,44,44,,,,3,13,96,104,
,audio/sfx/ogg/cat_meow_demo_02.ogg,36,36,,,,3,13,96,104,
TapDecorationGeneric,audio/sfx/ogg/add_to_queue.ogg,32,32,,,,2,13,96,108,
TapDecorationWater,audio/sfx/ogg/water_tap_01.ogg,30,30,,,,2,13,96,108,
PetWhistle,audio/sfx/ogg/calling_whistle_01.ogg,23,23,,,,100,100,100,100,
Ambience,audio/sfx/ogg/birds_wind_temp_02_loop.ogg,80,80,,,,100,100,100,100,
TapDecorationXmas,audio/sfx/ogg/hay_day_xmas_deco01.ogg,32,32,,,,2,13,96,108,
HorseTap,audio/sfx/ogg/horse_01.ogg,38,38,,,,3,13,96,104,
,audio/sfx/ogg/horse_02.ogg,38,38,,,,3,13,96,104,
,audio/sfx/ogg/horse_03.ogg,38,38,,,,3,13,96,104,
BalloonPop,audio/sfx/ogg/balloon_pop_01.ogg,30,30,,,,100,100,96,100,
FishingCastLine,audio/sfx/ogg/cast_line_new_01.ogg,40,40,,,,100,100,95,102,
FishingFishJump,audio/sfx/ogg/fish_jump_01.ogg,9,12,,,,1,10,110,120,
FishingAmbience,audio/sfx/ogg/lake_ambiance_02_loop.ogg,9,9,,,,100,100,100,100,
FishingReelIn,audio/sfx/ogg/reel_in_01_loop_v3.ogg,40,40,,,,100,100,95,12,
FishingReelInFish,audio/sfx/ogg/reel_in_with_fish_01.ogg,50,50,,,,100,100,95,12,
FishingTakePhoto,audio/sfx/ogg/take_photo_01.ogg,60,60,,,,100,100,100,100,
FishingMusicCalm,audio/music/ogg/hayday_fishing_01.ogg,14,14,,,,100,100,100,100,TRUE
FishingMusicHectic,audio/music/ogg/hayday_catching_fish_loop01.ogg,15,15,,,,100,100,100,100,TRUE
FishingFishCaught,audio/sfx/ogg/fish_jump_temp_01.ogg,44,44,,,,100,100,95,102,
FishingBaitUnderWater,audio/sfx/ogg/bait_underwater_01v2.ogg,42,42,,,,100,100,95,102,
FishingSeagulLanding,audio/sfx/ogg/seagull_diveunderwater_anim_01.ogg,60,60,,,,3,10,98,102,
FishingSeagulTakeoff,audio/sfx/ogg/seagull_takeoff_03.ogg,60,60,,,,3,10,98,102,
FishingTapSeagul,audio/sfx/ogg/mine_02.ogg,20,20,,,,5,10,95,104,
WorkbenchTap,audio/sfx/ogg/lure_maker_idle_03.ogg,82,82,audio/sfx/ogg/add_to_queue.ogg,38,38,3,12,96,108,
WorkbenchTapProcessing,audio/sfx/ogg/lure_maker_active_03.ogg,75,75,audio/sfx/ogg/add_to_queue.ogg,38,38,3,12,96,108,
FishingFishJumpEnd,audio/sfx/ogg/fish_jump_inwater_02.ogg,9,12,,,,1,10,80,95,
EventBoardSound,audio/sfx/ogg/event_bell_02.ogg,50,50,,,,3,60,100,100,
NetmakerTap,audio/sfx/ogg/netmakertapidle_01.ogg,60,60,audio/sfx/ogg/add_to_queue.ogg,38,38,2,10,96,108,
NetmakerTapProcessing,audio/sfx/ogg/netmakertapprocessing_01.ogg,50,50,audio/sfx/ogg/add_to_queue.ogg,38,38,2,10,96,108,
LobsterpoolTap,audio/sfx/ogg/lobsterpooltapidle1.ogg,65,65,audio/sfx/ogg/add_to_queue.ogg,38,38,2,10,96,108,
LobsterpoolTapProcessing,audio/sfx/ogg/lobsterpooltapprocessing02.ogg,60,60,audio/sfx/ogg/add_to_queue.ogg,38,38,2,10,96,108,
TapLobster,audio/sfx/ogg/taplobster_01.ogg,75,75,,,,2,15,96,115,
LobsterDrop,audio/sfx/ogg/lobsterdropsintopool_01.ogg,50,50,,,,3,15,95,102,
CollectLobsterCage,audio/sfx/ogg/collectlobstercage_02.ogg,25,25,,,,3,20,95,102,
HarvestLobster,audio/sfx/ogg/lobsterharvesting_first_part_01.ogg,90,90,,,,3,12,96,108,
HarvestLobsterSlide,audio/sfx/ogg/lobsterharvesting_end_02.ogg,90,90,,,,3,12,96,108,
FishingPlaceNet,audio/sfx/ogg/placenet_01.ogg,75,75,,,,3,12,96,108,
FishingPlaceMysteryNet,audio/sfx/ogg/placemysterynet_01.ogg,85,85,,,,3,12,96,108,
NetReadyTap,audio/sfx/ogg/fishingnetreadytap_01.ogg,75,75,,,,3,12,96,108,
CollectNet,audio/sfx/ogg/fishingnetcollect_01.ogg,75,75,,,,3,12,96,108,
FishingPlaceCage,audio/sfx/ogg/placelobstercage_01.ogg,50,50,,,,3,12,96,108,
SoupKitchenTap,audio/sfx/ogg/soupkitchentap_01.ogg,55,55,audio/sfx/ogg/add_to_queue.ogg,38,38,2,10,96,108,
SoupKitchenProcessing,audio/sfx/ogg/soupkitchentapprocessing_01.ogg,55,55,audio/sfx/ogg/add_to_queue.ogg,38,38,2,10,96,108,
SaladBarTap,audio/sfx/ogg/food_mix_wooden_spoon.ogg,85,85,audio/sfx/ogg/add_to_queue.ogg,38,38,2,10,96,108,
SaladBarTapProcessing,audio/sfx/ogg/saladbar_processing_001.ogg,25,25,audio/sfx/ogg/add_to_queue.ogg,38,38,2,10,96,108,
SushiBarTap,audio/sfx/ogg/select_hihna_kolisee_02.ogg,50,50,audio/sfx/ogg/add_to_queue.ogg,38,38,2,10,96,108,
SushiBarTapProcessing,audio/sfx/ogg/food_mixer_loop_new.ogg,85,85,audio/sfx/ogg/add_to_queue.ogg,38,38,2,10,96,108,
SauceMachineTap,audio/sfx/ogg/juice_press_idle_01.ogg,88,88,audio/sfx/ogg/add_to_queue.ogg,38,38,2,10,96,108,
SauceMachineTapProcessing,audio/sfx/ogg/juice_press_process_01.ogg,54,54,audio/sfx/ogg/add_to_queue.ogg,38,38,2,10,96,108,
Fireworks,audio/sfx/ogg/newyear_surprise_package_01_001.ogg,80,80,,,,100,100,96,108,
HolidayPresent,audio/sfx/ogg/xmas_surprise_package_01.ogg,70,70,,,,100,100,96,108,
SandwichBarTap,audio/sfx/ogg/food_mix_wooden_spoon.ogg,85,85,audio/sfx/ogg/add_to_queue.ogg,38,38,2,10,96,108,
SandwichBarTapProcessing,audio/sfx/ogg/saladbar_processing_001.ogg,25,25,audio/sfx/ogg/add_to_queue.ogg,38,38,2,10,96,108,
DonkeyTap,audio/sfx/ogg/donkey_072.ogg,50,58,,,,3,13,86,112,
SmoothieMixerTap,audio/sfx/ogg/juice_press_idle_01.ogg,88,88,audio/sfx/ogg/add_to_queue.ogg,38,38,2,10,96,108,
SmoothieMixerTapProcessing,audio/sfx/ogg/juice_press_process_01.ogg,54,54,audio/sfx/ogg/add_to_queue.ogg,38,38,2,10,96,108,
BunnyTap,audio/sfx/ogg/rabbit_06.ogg,24,24,,,,3,13,96,104,
,audio/sfx/ogg/rabbit_02.ogg,40,40,,,,3,13,96,104,
TrainMusic,audio/music/ogg/hayday_train_area_music_02.ogg,12,12,,,,100,100,100,100,TRUE
TrainChoo,audio/sfx/ogg/train_chug_01v3.ogg,17,17,,,,2,30,75,83,
TrainWhistle,audio/sfx/ogg/train_whistle_01.ogg,45,45,,,,4,30,100,100,
TrainWagon,audio/sfx/ogg/train_wagon_loop_01.ogg,15,15,,,,1,20,100,100,
FemaleMumble,audio/sfx/ogg/vo/female/fem_mumble_05.ogg,19,19,,,,1,5,98,104,
,audio/sfx/ogg/vo/female/fem_mumble_02.ogg,19,19,,,,1,5,98,104,
,audio/sfx/ogg/vo/female/fem_mumble_01.ogg,19,19,,,,1,5,98,104,
,audio/sfx/ogg/vo/female/fem_mumble_06.ogg,19,19,,,,1,5,98,104,
FemaleAttention,audio/sfx/ogg/vo/female/fem_attention_04.ogg,19,19,,,,100,100,98,104,
,audio/sfx/ogg/vo/female/fem_attention_06.ogg,19,19,,,,100,100,98,104,
,audio/sfx/ogg/vo/female/fem_attention_08.ogg,19,19,,,,100,100,98,104,
,audio/sfx/ogg/vo/female/fem_attention_01.ogg,19,19,,,,100,100,98,104,
FemaleHappy,audio/sfx/ogg/vo/female/fem_thank_you_04.ogg,22,22,,,,100,100,98,104,
,audio/sfx/ogg/vo/female/fem_thank_you_02.ogg,22,22,,,,100,100,98,104,
,audio/sfx/ogg/vo/female/fem_thank_you_03.ogg,22,22,,,,100,100,98,104,
,audio/sfx/ogg/vo/female/fem_thank_you_01.ogg,22,22,,,,100,100,98,104,
MaleHappy,audio/sfx/ogg/vo/male/thank_you_10_no_lang.ogg,22,22,,,,100,100,98,104,
,audio/sfx/ogg/vo/male/thank_you_07_no_lang.ogg,20,20,,,,100,100,98,104,
,audio/sfx/ogg/vo/male/thank_you_06_no_lang.ogg,20,20,,,,100,100,98,104,
,audio/sfx/ogg/vo/male/thank_you_11_no_lang.ogg,20,20,,,,100,100,98,104,
,audio/sfx/ogg/vo/male/thank_you_12_no_lang.ogg,20,20,,,,100,100,98,104,
MaleMumble,audio/sfx/ogg/vo/male/random_voc_05.ogg,36,36,,,,1,5,98,104,
,audio/sfx/ogg/vo/male/random_voc_06.ogg,36,36,,,,1,5,98,104,
,audio/sfx/ogg/vo/male/random_voc_07.ogg,36,36,,,,1,5,98,104,
,audio/sfx/ogg/vo/male/random_voc_09.ogg,36,36,,,,1,5,98,104,
,audio/sfx/ogg/vo/male/random_voc_04.ogg,36,36,,,,1,5,98,104,
,audio/sfx/ogg/vo/male/whistle_02.ogg,15,15,,,,1,5,98,104,
MaleAttention,audio/sfx/ogg/vo/male/attention_voc_02.ogg,34,34,,,,100,100,98,104,
,audio/sfx/ogg/vo/male/attention_voc_01.ogg,32,32,,,,100,100,98,104,
,audio/sfx/ogg/vo/male/attention_voc_07.ogg,34,34,,,,100,100,98,104,
Ocean,audio/sfx/ogg/shore_loop_01.ogg,7,7,,,,4,12,100,100,
TrainSteam,audio/sfx/ogg/train_steem_release_01.ogg,25,25,,,,2,15,100,100,
TrainAmbience,audio/sfx/ogg/birds_wind_temp_02_loop.ogg,80,80,,,,14,26,100,100,
ServiceBuildingTap,audio/sfx/ogg/door_open_01.ogg,30,30,,,,1,8,96,108,
FarmMaleAttention,audio/sfx/ogg/vo/male/attention_voc_01.ogg,32,32,,,,100,100,87,100,
,audio/sfx/ogg/vo/male/attention_voc_02.ogg,34,34,,,,100,100,87,100,
FarmFemaleAttention,audio/sfx/ogg/vo/female/fem_attention_04.ogg,22,22,,,,100,100,98,114,
,audio/sfx/ogg/vo/female/fem_attention_06.ogg,22,22,,,,100,100,98,114,
MaleEat,audio/sfx/ogg/vo/male/nom_02.ogg,28,28,,,,100,100,87,100,
,audio/sfx/ogg/vo/male/nom_01.ogg,28,28,,,,100,100,87,100,
,audio/sfx/ogg/vo/male/nom_03.ogg,28,28,,,,100,100,87,100,
FemaleEat,audio/sfx/ogg/vo/female/fem_nom_01.ogg,19,19,,,,100,100,112,120,
,audio/sfx/ogg/vo/female/fem_nom_08.ogg,19,19,,,,100,100,112,120,
,audio/sfx/ogg/vo/female/fem_nom_02.ogg,22,22,,,,100,100,112,120,
NeighborhoodEventBoardSound,audio/sfx/ogg/event_bell_02.ogg,50,50,,,,3,60,100,100,
SewingMachineTap,audio/sfx/ogg/sewing_machine_idle01.ogg,22,22,audio/sfx/ogg/add_to_queue.ogg,38,38,2,10,96,108,
SewingMachineTapProcessing,audio/sfx/ogg/sewing_machine_01.ogg,22,22,audio/sfx/ogg/add_to_queue.ogg,38,38,2,10,96,108,
TapBee,audio/sfx/ogg/tap_bee_06.ogg,20,20,,,,3,8,96,108,
,audio/sfx/ogg/tap_bee_07.ogg,20,20,,,,3,8,96,108,
TapBeeHive,audio/sfx/ogg/tap_beehive_04.ogg,20,20,,,,3,8,96,108,
DuckDrop,audio/sfx/ogg/duck_landing_01_001.ogg,55,55,,,,5,15,95,102,
DuckHarvest,audio/sfx/ogg/duck_ejecting_01_001.ogg,90,90,,,,5,15,96,108,
DuckLanding,audio/sfx/ogg/duck_incoming_01_001.ogg,70,70,,,,3,15,98,102,
TapDuck,audio/sfx/ogg/duck_tap_01_001.ogg,60,60,,,,2,12,96,115,
DuckCollect,audio/sfx/ogg/duck_collect_01_001.ogg,50,50,,,,5,15,95,102,
PuppyTap,audio/sfx/ogg/puppy_001.ogg,20,20,,,,3,13,96,104,
,audio/sfx/ogg/puppy_002.ogg,20,20,,,,3,13,96,104,
KittenTap,audio/sfx/ogg/kitten_001.ogg,24,24,,,,3,13,96,104,
,audio/sfx/ogg/kitten_002.ogg,22,22,,,,3,13,96,104,
NewDerby,audio/sfx/ogg/derby_new_board.ogg,50,50,,,,100,100,100,100,
DerbyJingle,audio/sfx/ogg/derby_jingle_02.ogg,40,40,,,,2,50,100,100,
DerbyRace,audio/sfx/ogg/derby_game_tab.ogg,50,50,,,,100,100,100,100,
DerbyKey,audio/sfx/ogg/derby_race_key_02.ogg,50,50,,,,100,100,100,100,
DerbyPause,audio/sfx/ogg/horse_snore_01.ogg,50,50,,,,100,100,100,100,
ScooterLoop,audio/sfx/ogg/scooter_loop_02.ogg,40,40,,,,2,12,100,100,
RavenSwipe,audio/sfx/ogg/crow_01.ogg,24,24,,,,100,100,100,100,
TacoKitchenTap,audio/sfx/ogg/popcorn_pot_metal_pot.ogg,34,34,audio/sfx/ogg/add_to_queue.ogg,38,38,2,10,96,108,
TacoKitchenProcessing,audio/sfx/ogg/paistuu_02.ogg,54,54,audio/sfx/ogg/add_to_queue.ogg,38,38,2,10,96,108,
TeaStandTap,audio/sfx/ogg/juice_press_idle_01.ogg,88,88,audio/sfx/ogg/add_to_queue.ogg,38,38,2,10,96,108,
TeaStandProcessing,audio/sfx/ogg/juice_press_process_01.ogg,54,54,audio/sfx/ogg/add_to_queue.ogg,38,38,2,10,96,108,
MillerAttention,audio/sfx/ogg/vo/male/attention_voc_01.ogg,32,32,,,,100,100,87,100,
,audio/sfx/ogg/vo/male/attention_voc_02.ogg,34,34,,,,100,100,87,100,
CaretakerAttention,audio/sfx/ogg/vo/female/fem_attention_04.ogg,22,22,,,,100,100,98,114,
,audio/sfx/ogg/vo/female/fem_attention_06.ogg,22,22,,,,100,100,98,114,
BoosterActivate,audio/sfx/ogg/hayday_booster_start_01.ogg,30,30,,,,100,100,100,100,
BoosterEnd,audio/sfx/ogg/hayday_booster_end_01.ogg,30,30,,,,100,100,100,100,
Waterfall,audio/sfx/ogg/water_fall_01.ogg,10,10,,,,3,15,100,100,
TownRiver,audio/sfx/ogg/river_temp_03.ogg,22,22,,,,10,15,108,108,
Sanctuary,audio/sfx/ogg/sanctuary_birds_01.ogg,15,15,,,,15,22,100,100,
ElephantIdle,audio/sfx/ogg/idle_elephant_01.ogg,22,30,,,,1,10,98,104,
,audio/sfx/ogg/idle_elephant_02.ogg,22,30,,,,1,10,98,104,
,audio/sfx/ogg/idle_elephant_03.ogg,22,30,,,,1,10,98,104,
,audio/sfx/ogg/idle_elephant_04.ogg,22,30,,,,1,10,98,104,
ElephantTap,audio/sfx/ogg/tap_elephant_01.ogg,35,35,,,,2,10,96,108,
GiraffeIdle,audio/sfx/ogg/giraffe_idle_01.ogg,25,40,,,,1,5,98,104,
,audio/sfx/ogg/giraffe_idle_02.ogg,25,40,,,,1,5,98,104,
,audio/sfx/ogg/giraffe_idle_03.ogg,25,40,,,,1,5,98,104,
GiraffeTap,audio/sfx/ogg/giraffe_tap_01.ogg,34,34,,,,2,10,96,108,
HippoIdle,audio/sfx/ogg/idle_hippo_01.ogg,15,26,,,,1,10,98,104,
,audio/sfx/ogg/idle_hippo_02.ogg,15,26,,,,1,10,98,104,
,audio/sfx/ogg/idle_hippo_03.ogg,15,26,,,,1,10,98,104,
,audio/sfx/ogg/idle_hippo_04.ogg,15,26,,,,1,10,98,104,
HippoTap,audio/sfx/ogg/tap_hippo_01.ogg,22,22,,,,3,10,96,108,
LionIdle,audio/sfx/ogg/idle_lion_01.ogg,25,40,,,,1,10,98,104,
,audio/sfx/ogg/idle_lion_02.ogg,25,40,,,,1,10,98,104,
,audio/sfx/ogg/idle_lion_03.ogg,25,40,,,,1,10,98,104,
,audio/sfx/ogg/idle_lion_04.ogg,25,40,,,,1,10,98,104,
LionTap,audio/sfx/ogg/tap_lion_01.ogg,45,45,,,,3,10,96,108,
SantuaryCrateFall,audio/sfx/ogg/hayday_crate_drop_01.ogg,45,45,,,,3,10,96,108,
SantuaryCrateHit,audio/sfx/ogg/crate_break_01.ogg,45,45,,,,3,10,96,108,
PlaceAnimalPuzzlePiece,audio/sfx/ogg/place_puzzle_piece_01.ogg,30,30,,,,100,100,100,100,
CompleteAnimalPuzzle,audio/sfx/ogg/complete_puzzle_01.ogg,40,40,,,,100,100,100,100,
BingoTile,audio/sfx/ogg/bingo_tile_01.ogg,60,65,,,,100,100,100,100,
GetBingo_1,audio/sfx/ogg/get_bingo_01.ogg,60,65,,,,100,100,100,100,
GetBingo_2,audio/sfx/ogg/get_bingo_02.ogg,60,65,,,,100,100,100,100,
GetBingo_3,audio/sfx/ogg/get_bingo_03.ogg,60,65,,,,100,100,100,100,
FlowerShopTap,audio/sfx/ogg/netmakertapidle_01.ogg,60,60,audio/sfx/ogg/add_to_queue.ogg,38,38,2,10,96,108,
FlowerShopProcessing,audio/sfx/ogg/netmakertapprocessing_01.ogg,50,50,audio/sfx/ogg/add_to_queue.ogg,38,38,2,10,96,108,
BabyElephantIdle,audio/sfx/ogg/idle_elephant_01.ogg,22,30,,,,1,10,140,145,
,audio/sfx/ogg/idle_elephant_02.ogg,22,30,,,,1,10,140,145,
,audio/sfx/ogg/idle_elephant_03.ogg,22,30,,,,1,10,140,145,
,audio/sfx/ogg/idle_elephant_04.ogg,22,30,,,,1,10,140,145,
BabyElephantTap,audio/sfx/ogg/tap_elephant_01.ogg,35,35,,,,2,10,140,145,
BabyGiraffeIdle,audio/sfx/ogg/giraffe_idle_01.ogg,25,40,,,,1,5,140,145,
,audio/sfx/ogg/giraffe_idle_02.ogg,25,40,,,,1,5,140,145,
,audio/sfx/ogg/giraffe_idle_03.ogg,25,40,,,,1,5,140,145,
BabyGiraffeTap,audio/sfx/ogg/giraffe_tap_01.ogg,34,34,,,,2,10,140,145,
BabyHippoIdle,audio/sfx/ogg/idle_hippo_01.ogg,15,26,,,,1,10,140,145,
,audio/sfx/ogg/idle_hippo_02.ogg,15,26,,,,1,10,140,145,
,audio/sfx/ogg/idle_hippo_03.ogg,15,26,,,,1,10,140,145,
,audio/sfx/ogg/idle_hippo_04.ogg,15,26,,,,1,10,140,145,
BabyHippoTap,audio/sfx/ogg/tap_hippo_01.ogg,22,22,,,,3,10,140,145,
BabyLionIdle,audio/sfx/ogg/idle_lion_01.ogg,25,40,,,,1,10,140,145,
,audio/sfx/ogg/idle_lion_02.ogg,25,40,,,,1,10,140,145,
,audio/sfx/ogg/idle_lion_03.ogg,25,40,,,,1,10,140,145,
,audio/sfx/ogg/idle_lion_04.ogg,25,40,,,,1,10,140,145,
BabyLionTap,audio/sfx/ogg/tap_lion_01.ogg,45,45,,,,3,10,140,145,
CollectStylePart,audio/sfx/ogg/place_puzzle_piece_01.ogg,30,30,,,,100,100,100,100,
CompleteStyle,audio/sfx/ogg/complete_puzzle_01.ogg,40,40,,,,100,100,100,100,
CollectSticker,audio/sfx/ogg/complete_puzzle_01.ogg,40,40,,,,100,100,100,100,
LoginMusic,audio/music/ogg/hayday_intro_01-1.ogg,22,22,,,,100,100,100,100,TRUE
,audio/music/ogg/hayday_catching_fish_loop01.ogg,15,15,,,,100,100,100,100,TRUE
,audio/music/ogg/hayday_fishing_01.ogg,14,14,,,,100,100,100,100,TRUE
,audio/music/ogg/hayday_train_area_music_02.ogg,12,12,,,,100,100,100,100,TRUE
LoginRandomSound,audio/sfx/ogg/goats_idle_02.ogg,52,52,,,,1,14,96,108,
,audio/sfx/ogg/possuja_02.ogg,37,37,,,,1,14,96,108,
,audio/sfx/ogg/cows_new.ogg,36,36,,,,1,14,96,108,
,audio/sfx/ogg/chickens_02.ogg,33,33,,,,1,14,96,108,
,audio/sfx/ogg/sheep_herd_03.ogg,28,28,,,,1,14,96,108,
,audio/sfx/ogg/crow_01.ogg,24,24,,,,100,100,100,100,
,audio/sfx/ogg/donkey_072.ogg,50,58,,,,3,13,86,112,
,audio/sfx/ogg/chicken_idle_1.ogg,33,33,,,,3,8,96,108,
,audio/sfx/ogg/cow_idle2_1.ogg,26,26,,,,3,8,96,108,
,audio/sfx/ogg/pig_idle_3.ogg,19,19,,,,3,8,96,108,
,audio/sfx/ogg/sanctuary_birds_01.ogg,15,15,,,,15,22,100,100,
,audio/sfx/ogg/birds_wind_temp_02_loop.ogg,80,80,,,,100,100,100,100,
MapGameMusic,audio/music/ogg/hayday_valley_music_01.ogg,20,20,,,,100,100,100,100,TRUE
MapGameAmbience,audio/sfx/ogg/birds_wind_temp_02_loop.ogg,80,80,,,,100,100,100,100,
MapGameCarLoop,audio/sfx/ogg/truck_loop_valley_01.ogg,37,37,,,,1,8,100,100,
,audio/sfx/ogg/truck_loop_valley_02.ogg,37,37,,,,1,8,100,100,
,audio/sfx/ogg/truck_loop_valley_03.ogg,37,37,,,,1,8,100,100,
MapGameStandSound,audio/sfx/ogg/event_bell_02.ogg,50,50,,,,3,60,100,100,
MapGameChickenSound,audio/sfx/ogg/chicken_oneshot_valley_01.ogg,33,33,,,,3,60,100,100,
,audio/sfx/ogg/chicken_oneshot_valley_02.ogg,33,33,,,,3,60,100,100,
,audio/sfx/ogg/chicken_oneshot_valley_03.ogg,33,33,,,,3,60,100,100,
MapGameNodeHit,audio/sfx/ogg/crate_break_01.ogg,45,45,,,,3,10,96,108,
ZebraIdle,audio/sfx/ogg/zebra_idle_01.ogg,25,40,,,,1,5,98,104,
,audio/sfx/ogg/zebra_idle_02.ogg,25,40,,,,1,5,98,104,
ZebraTap,audio/sfx/ogg/zebra_tap_01.ogg,40,45,,,,2,10,96,108,
CollectLantern,audio/sfx/ogg/hayday_spooky_present_02.ogg,26,26,,,,100,100,96,108,
BonusShuffle,audio/sfx/ogg/hayday_scratchcard_seq_audio_02.ogg,50,50,,,,100,100,98,106,
PiggyBreak,audio/sfx/ogg/hayday_piggybreak_01.ogg,50,50,,,,100,100,98,106,
GemSack,audio/sfx/ogg/hayday_gem_sack_01.ogg,50,50,,,,100,100,98,106,
FuelPump,audio/sfx/ogg/hayday_gas_pump_01.ogg,50,50,,,,100,100,98,106,
ElephantValley,audio/sfx/ogg/tap_elephant_01.ogg,25,25,,,,2,10,96,108,
GiraffeValley,audio/sfx/ogg/giraffe_tap_01.ogg,25,25,,,,2,10,96,108,
HippoValley,audio/sfx/ogg/tap_hippo_01.ogg,19,19,,,,2,10,96,108,
DeliverSanctuaryAnimal,audio/sfx/ogg/tap_elephant_01.ogg,25,25,,,,2,10,96,108,
,audio/sfx/ogg/giraffe_tap_01.ogg,25,25,,,,2,10,96,108,
,audio/sfx/ogg/cows_new.ogg,36,36,,,,1,14,96,108,
,audio/sfx/ogg/tap_hippo_01.ogg,19,19,,,,2,10,96,108,
PopPromoStandSound,audio/sfx/ogg/event_bell_02.ogg,50,50,,,,3,60,100,100,
TapSquirrel,audio/sfx/ogg/hayday_squirrel_03.ogg,20,20,,,,3,8,96,108,
,audio/sfx/ogg/hayday_squirrel_05.ogg,20,20,,,,3,8,96,108,
TapSquirrelTree,audio/sfx/ogg/hayday_squirrel_tree_tap_01.ogg,20,20,,,,3,8,96,108,
BabyZebraIdle,audio/sfx/ogg/zebra_idle_01.ogg,25,40,,,,1,5,140,145,
,audio/sfx/ogg/zebra_idle_02.ogg,25,40,,,,1,5,140,145,
BabyZebraTap,audio/sfx/ogg/zebra_tap_01.ogg,40,45,,,,2,10,140,145,
GorillaIdle,audio/sfx/ogg/gorilla_idle_01.ogg,35,50,,,,1,5,96,108,
,audio/sfx/ogg/gorilla_idle_03.ogg,35,50,,,,1,5,96,108,
GorillaTap,audio/sfx/ogg/gorilla_tap_01.ogg,35,50,,,,2,10,96,108,
MultipleChicksIdle,audio/sfx/ogg/hayday_fewchicks_idle_01.ogg,22,30,,,,1,10,98,104,
,audio/sfx/ogg/hayday_fewchicks_idle_02.ogg,22,30,,,,1,10,98,104,
SingleChickIdle,audio/sfx/ogg/hayday_singlechick_idle_01.ogg,22,30,,,,1,10,98,104,
,audio/sfx/ogg/hayday_singlechick_idle_02.ogg,22,30,,,,1,10,98,104,
ChickTap,audio/sfx/ogg/hayday_chick_tap_01.ogg,35,35,,,,2,10,96,108,
,audio/sfx/ogg/hayday_chick_tap_02.ogg,35,35,,,,2,10,96,108,
NewFarmPass,audio/sfx/ogg/farm_pass_new_season.ogg,50,50,,,,100,100,100,100,
FarmPassChicks,audio/sfx/ogg/farm_pass_chicks_leave_coop.ogg,50,50,,,,100,100,100,100,
FarmPassBounce,audio/sfx/ogg/farm_pass_bounce_arrow.ogg,50,50,,,,100,100,100,100,
FarmPassSpawnTask,audio/sfx/ogg/collect_new_temp_01.ogg,56,56,,,,100,100,96,108,
,audio/sfx/ogg/collect_new_temp_02.ogg,56,56,,,,100,100,96,108,
FarmPassRewardUnlocked,audio/sfx/ogg/coin_xp_explo_temp_02.ogg,66,66,,,,100,100,100,100,
FarmPassClaimReward,audio/sfx/ogg/magic_03.ogg,42,42,,,,100,100,100,100,
FarmPassPartyStart,audio/sfx/ogg/complete_puzzle_01.ogg,40,40,,,,100,100,100,100,
FarmPassActivatePerk,audio/sfx/ogg/complete_puzzle_01.ogg,40,40,,,,100,100,100,100,
FarmPassReminder,audio/sfx/ogg/farm_pass_bounce_arrow.ogg,66,66,,,,100,100,100,100,
BabyGorillaIdle,audio/sfx/ogg/gorilla_idle_01.ogg,25,40,,,,1,5,140,145,
,audio/sfx/ogg/gorilla_idle_03.ogg,25,40,,,,1,5,140,145,
BabyGorillaTap,audio/sfx/ogg/gorilla_tap_01.ogg,40,45,,,,2,10,140,145,
ReindeerIdle,audio/sfx/ogg/hayday_rd_idle_01v2.ogg,25,40,,,,1,5,98,104,
,audio/sfx/ogg/hayday_rd_idle_02v2.ogg,25,40,,,,1,5,98,104,
ReindeerTap,audio/sfx/ogg/hayday_rd_tap_01v2.ogg,40,45,,,,2,10,96,108,
BathKioskTap,audio/sfx/ogg/juice_press_idle_01.ogg,88,88,audio/sfx/ogg/add_to_queue.ogg,38,38,2,10,96,108,
BathKioskTapProcessing,audio/sfx/ogg/juice_press_process_01.ogg,54,54,audio/sfx/ogg/add_to_queue.ogg,38,38,2,10,96,108,
DonutMakerTap,audio/sfx/ogg/food_mix_wooden_spoon.ogg,85,85,audio/sfx/ogg/add_to_queue.ogg,38,38,2,10,96,108,
DonutMakerProcessing,audio/sfx/ogg/soupkitchentapprocessing_01.ogg,55,55,audio/sfx/ogg/add_to_queue.ogg,38,38,2,10,96,108,
BabyReindeerIdle,audio/sfx/ogg/hayday_rd_idle_01v2.ogg,25,40,,,,1,5,140,145,
,audio/sfx/ogg/hayday_rd_idle_02v2.ogg,25,40,,,,1,5,140,145,
BabyReindeerTap,audio/sfx/ogg/hayday_rd_tap_01v2.ogg,40,45,,,,2,10,140,145,
GuineaPigTap,audio/sfx/ogg/guinea_pig_tap_01.ogg,22,22,,,,3,13,96,104,
,audio/sfx/ogg/guinea_pig_tap_02.ogg,18,18,,,,3,13,96,104,
PeacockTap,audio/sfx/ogg/peacock_tap_01.ogg,18,18,,,,3,13,96,104,
,audio/sfx/ogg/peacock_tap_01.ogg,18,18,,,,3,13,96,104,
CheetahIdle,audio/sfx/ogg/cheetah_idle_01.ogg,25,40,,,,1,5,96,104,
,audio/sfx/ogg/cheetah_idle_02.ogg,25,40,,,,1,5,96,104,
CheetahTap,audio/sfx/ogg/cheetah_tap_01.ogg,25,25,,,,2,10,96,104,
ArcticFoxIdle,audio/sfx/ogg/arctic_fox_idle_01.ogg,25,40,,,,1,5,96,104,
,audio/sfx/ogg/arctic_fox_idle_02.ogg,25,40,,,,1,5,96,104,
ArcticFoxTap,audio/sfx/ogg/arctic_fox_tap_01.ogg,25,25,,,,2,10,96,104,
CheetahCubIdle,audio/sfx/ogg/cheetah_idle_01.ogg,25,40,,,,1,5,140,145,
,audio/sfx/ogg/cheetah_idle_02.ogg,25,40,,,,1,5,140,145,
CheetahCubTap,audio/sfx/ogg/cheetah_tap_01.ogg,25,25,,,,2,10,140,145,
ArcticFoxCubIdle,audio/sfx/ogg/arctic_fox_idle_01.ogg,25,40,,,,1,5,140,145,
,audio/sfx/ogg/arctic_fox_idle_02.ogg,25,40,,,,1,5,140,145,
ArcticFoxCubTap,audio/sfx/ogg/arctic_fox_tap_01.ogg,25,25,,,,2,10,140,145,
PotteryIdle,audio/sfx/ogg/luukku_2.ogg,52,52,audio/sfx/ogg/add_to_queue.ogg,38,38,2,10,96,108,
PotteryProcessing,audio/sfx/ogg/popcorn_pot_processing_02.ogg,77,77,audio/sfx/ogg/add_to_queue.ogg,38,38,2,10,96,108,
FudgeShopIdle,audio/sfx/ogg/juice_press_idle_01.ogg,88,88,audio/sfx/ogg/add_to_queue.ogg,38,38,2,10,96,108,
FudgeShopProcessing,audio/sfx/ogg/juice_press_process_01.ogg,54,54,audio/sfx/ogg/add_to_queue.ogg,38,38,2,10,96,108,
YogurtMakerIdle,audio/sfx/ogg/juice_press_idle_01.ogg,88,88,audio/sfx/ogg/add_to_queue.ogg,38,38,2,10,96,108,
YogurtMakerProcessing,audio/sfx/ogg/juice_press_process_01.ogg,54,54,audio/sfx/ogg/add_to_queue.ogg,38,38,2,10,96,108,
ToucanTap,audio/sfx/ogg/toucan_tap_01.ogg,18,18,,,,3,13,96,104,
,audio/sfx/ogg/toucan_tap_02.ogg,18,18,,,,3,13,96,104,
WalrusIdle,audio/sfx/ogg/hayday_rd_idle_01v2.ogg,25,40,,,,1,5,98,104,
,audio/sfx/ogg/hayday_rd_idle_02v2.ogg,25,40,,,,1,5,98,104,
WalrusTap,audio/sfx/ogg/hayday_rd_tap_01v2.ogg,40,45,,,,2,10,96,108,
BabyWalrusIdle,audio/sfx/ogg/hayday_rd_idle_01v2.ogg,25,40,,,,1,5,140,145,
,audio/sfx/ogg/hayday_rd_idle_02v2.ogg,25,40,,,,1,5,140,145,
BabyWalrusTap,audio/sfx/ogg/hayday_rd_tap_01v2.ogg,40,45,,,,2,10,140,145,
CockatooTap,audio/sfx/ogg/cockatoo_tap_01.ogg,18,18,,,,3,13,96,104,
,audio/sfx/ogg/cockatoo_tap_02.ogg,18,18,,,,3,13,96,104,
MeerkatIdle,audio/sfx/ogg/meerkat_idle_01.ogg,25,40,,,,1,5,98,104,
,audio/sfx/ogg/meerkat_idle_02.ogg,25,40,,,,1,5,98,104,
MeerkatTap,audio/sfx/ogg/meerkat_tap_01.ogg,40,45,,,,2,10,96,108,
PelicanIdle,audio/sfx/ogg/pelican_idle_01.ogg,25,40,,,,1,5,98,104,
,audio/sfx/ogg/pelican_idle_02.ogg,25,40,,,,1,5,98,104,
PelicanTap,audio/sfx/ogg/pelican_tap_01.ogg,40,45,,,,2,10,96,108,
MeerkatBabyIdle,audio/sfx/ogg/meerkat_idle_01.ogg,25,40,,,,1,5,140,145,
,audio/sfx/ogg/meerkat_idle_02.ogg,25,40,,,,1,5,140,145,
MeerkatBabyTap,audio/sfx/ogg/meerkat_tap_01.ogg,40,45,,,,2,10,140,145,
HeronIdle,audio/sfx/ogg/heron_idle_01.ogg,25,40,,,,1,5,98,104,
,audio/sfx/ogg/heron_idle_02.ogg,25,40,,,,1,5,98,104,
HeronTap,audio/sfx/ogg/heron_tap_01.ogg,40,45,,,,2,10,96,108,
PenguinIdle,audio/sfx/ogg/penguin_idle_01.ogg,25,40,,,,1,5,98,104,
,audio/sfx/ogg/penguin_idle_02.ogg,25,40,,,,1,5,98,104,
PenguinTap,audio/sfx/ogg/penguin_tap_01.ogg,40,45,,,,2,10,96,108,
FarmPassEndBand,audio/sfx/ogg/farm_pass_band_music.ogg,33,33,,,,100,100,100,100,
PenguinChickIdle,audio/sfx/ogg/penguin_idle_01.ogg,25,40,,,,1,5,140,145,
,audio/sfx/ogg/penguin_idle_02.ogg,25,40,,,,1,5,140,145,
PenguinChickTap,audio/sfx/ogg/penguin_tap_01.ogg,40,45,,,,2,10,140,145,
OstrichIdle,audio/sfx/ogg/ostrich_idle_01.ogg,25,40,,,,1,5,140,145,
,audio/sfx/ogg/ostrich_idle_02.ogg,25,40,,,,1,5,140,145,
,audio/sfx/ogg/ostrich_idle_03.ogg,25,40,,,,1,5,140,145,
OstrichTap,audio/sfx/ogg/ostrich_tap_01.ogg,40,45,,,,2,10,140,145,
,audio/sfx/ogg/ostrich_tap_02.ogg,40,45,,,,2,10,140,145,
FlamingoIdle,audio/sfx/ogg/flmingo_idle_01.ogg,25,40,,,,1,5,140,145,
,audio/sfx/ogg/flmingo_idle_02.ogg,25,40,,,,1,5,140,145,
FlamingoTap,audio/sfx/ogg/flmingo_tap_01.ogg,40,45,,,,2,10,140,145,
EssentialOilLabTap,audio/sfx/ogg/hayday_oil_lab_tap_01.ogg,88,88,audio/sfx/ogg/add_to_queue.ogg,38,38,2,10,96,108,
EssentialOilLabProcessing,audio/sfx/ogg/hayday_oil_lab_process_01.ogg,54,54,audio/sfx/ogg/add_to_queue.ogg,38,38,2,10,96,108,
