Name,ExportName,CurrencyInUSD,Diamonds,TID,Enabled,TLOPackage,RED,ChronosPackage,SpecialPackage,SCIDStore,PremiumPass,DecoReward,DecoAmount,BigButton,BoosterRandomAmount,BoosterRandomMinStars,Booster5StarAmount,StarterPackage,StarterPackageReward,Comment,
String,String,int,int,String,boolean,boolean,boolean,boolean,boolean,boolean,boolean,String,int,boolean,int,int,int,boolean,String,String,
com.supercell.soil.diamondpackage1,icon_diamonds_pile,199,50,TID_DIAMOND_PACK_1,true,,,,,,,,,,,,,,,,
com.supercell.soil.diamondpackage2,icon_diamonds_bag,499,130,TID_DIAMOND_PACK_2,true,,,,,,,,,,,,,,,,
com.supercell.soil.diamondpackage3,icon_diamonds_sack,999,275,TID_DIAMOND_PACK_3,true,,,,,,,,,,,,,,,,
com.supercell.soil.diamondpackage4,icon_diamonds_box,1999,570,TID_DIAMOND_PACK_4,true,,,,,,,,,,,,,,,,
com.supercell.soil.diamondpackage5,icon_diamonds_chest,3999,1500,TID_DIAMOND_PACK_5,true,,,,,,,,,,,,,,,,
com.supercell.soil.diamondpackage6,icon_diamonds_trunk,9999,4000,TID_DIAMOND_PACK_6,true,,,,,,,,,,,,,,,,
com.supercell.soil.diamondpackage5_1,icon_diamonds_chest,2799,1500,TID_DIAMOND_PACK_5,false,true,,,,,,,,,,,,,,,
com.supercell.soil.diamondpackage5_2,icon_diamonds_chest,2399,1500,TID_DIAMOND_PACK_5,false,true,,,,,,,,,,,,,,,
com.supercell.soil.diamondpackage5_3,icon_diamonds_chest,1599,1500,TID_DIAMOND_PACK_5,false,true,,,,,,,,,,,,,,,
com.supercell.soil.diamondpackage4_1,icon_diamonds_box,1399,570,TID_DIAMOND_PACK_4,true,true,,,,,,,,,,,,,,,
com.supercell.soil.diamondpackage4_2,icon_diamonds_box,1199,570,TID_DIAMOND_PACK_4,true,true,,,,,,,,,,,,,,,
com.supercell.soil.diamondpackage4_3,icon_diamonds_box,799,570,TID_DIAMOND_PACK_4,true,true,,,,,,,,,,,,,,,
com.supercell.soil.diamondpackage4_4,icon_diamonds_box,1699,570,TID_DIAMOND_PACK_4,true,true,,,,,,,,,,,,,,,
com.supercell.soil.diamondpackage4_5,icon_diamonds_box,1599,570,TID_DIAMOND_PACK_4,true,true,,,,,,,,,,,,,,,
com.supercell.soil.diamondpackage4_6,icon_diamonds_box,1399,570,TID_DIAMOND_PACK_4,true,true,,,,,,,,,,,,,,,
com.supercell.soil.diamondpackage5_4,icon_diamonds_chest,3399,1500,TID_DIAMOND_PACK_5,true,true,,,,,,,,,,,,,,,
com.supercell.soil.diamondpackage5_5,icon_diamonds_chest,3199,1500,TID_DIAMOND_PACK_5,true,true,,,,,,,,,,,,,,,
com.supercell.soil.diamondpackage5_6,icon_diamonds_chest,2799,1500,TID_DIAMOND_PACK_5,true,true,,,,,,,,,,,,,,,
com.supercell.soil.diamondpackage6_1,icon_diamonds_trunk,8499,4000,TID_DIAMOND_PACK_6,true,true,,,,,,,,,,,,,,,
com.supercell.soil.diamondpackage6_2,icon_diamonds_trunk,7999,4000,TID_DIAMOND_PACK_6,true,true,,,,,,,,,,,,,,,
com.supercell.soil.diamondpackage6_3,icon_diamonds_trunk,6999,4000,TID_DIAMOND_PACK_6,true,true,,,,,,,,,,,,,,,
com.supercell.soil.diamondpackage7,icon_diamonds_box,699,180,TID_DIAMOND_PACK_4,true,true,,,,,,,,,,,,,,,
com.supercell.soil.diamondpackage7_1,icon_diamonds_box,299,180,TID_DIAMOND_PACK_4,true,true,,,,,,,,,,,,,,,
com.supercell.soil.diamondpackage2_1,icon_diamonds_bag,299,130,TID_DIAMOND_PACK_3,true,true,,,,,,,,,,,,,,,
com.supercell.soil.diamondpackage2_2,icon_diamonds_bag,199,130,TID_DIAMOND_PACK_3,true,true,,,,,,,,,,,,,,,
com.supercell.soil.diamondpackage2_3,icon_diamonds_bag,99,130,TID_DIAMOND_PACK_3,true,true,,,,,,,,,,,,,,,
com.supercell.soil.diamondpackage8,icon_diamonds_sack,899,250,TID_DIAMOND_PACK_3,true,true,,,,,,,,,,,,,,Not in all stores, not used anymore
com.supercell.soil.diamondpackage8_1,icon_diamonds_sack,399,250,TID_DIAMOND_PACK_3,true,true,,,,,,,,,,,,,,Not in all stores, not used anymore
com.supercell.soil.starterpackage1,icon_diamonds_pile,99,50,TID_STARTER_PACK_1,true,true,,,,,,,,,,,,true,Starter_Pack_Farm,,
com.supercell.soil.starterpackage2,icon_diamonds_pile,99,70,TID_STARTER_PACK_2,true,true,,,,,,,,,,,,true,Starter_Pack_Farm_Expansion,,
com.supercell.soil.starterpackage3,icon_diamonds_pile,99,90,TID_STARTER_PACK_3,true,true,,,,,,,,,,,,true,Starter_Pack_Farm_Fishing,,
com.supercell.soil.starterpackage4,icon_diamonds_pile,99,110,TID_STARTER_PACK_4,true,true,,,,,,,,,,,,true,Starter_Pack_Town,,
com.supercell.soil.starterpackage5,icon_diamonds_bag,99,130,TID_STARTER_PACK_5,true,true,,,,,,,,,,,,true,Starter_Pack_Town_Expansion,,
com.supercell.soil.starterpackage1_1,icon_diamonds_bag,499,130,TID_STARTER_PACK_1,true,true,,,,,,,,,,,,true,Starter_Pack_Farm_1,,
com.supercell.soil.starterpackage2_1,icon_diamonds_bag,599,160,TID_STARTER_PACK_2,true,true,,,,,,,,,,,,true,Starter_Pack_Farm_Expansion_1,,
com.supercell.soil.starterpackage3_1,icon_diamonds_bag,699,190,TID_STARTER_PACK_3,true,true,,,,,,,,,,,,true,Starter_Pack_Farm_Fishing_1,,
com.supercell.soil.starterpackage4_1,icon_diamonds_bag,799,220,TID_STARTER_PACK_4,true,true,,,,,,,,,,,,true,Starter_Pack_Town_1,,
com.supercell.soil.starterpackage5_1,icon_diamonds_sack,899,250,TID_STARTER_PACK_5,true,true,,,,,,,,,,,,true,Starter_Pack_Town_Expansion_1,,
com.supercell.soil.diamondpackageRED,icon_diamonds_bag,499,130,TID_DIAMOND_PACK_RED,false,,true,,true,,,HeroStatue,1,true,,,,,,,
com.supercell.soil.boosterpackage1,icon_diamonds_pile,199,50,TID_BOOSTER_PACK_1,false,,,true,true,,,,,,3,3,1,,,,
com.supercell.soil.boosterpackage2,icon_diamonds_bag,499,130,TID_BOOSTER_PACK_2,false,,,true,true,,,,,,3,3,3,,,,
com.supercell.soil.boosterpackage3,icon_diamonds_sack,999,275,TID_BOOSTER_PACK_3,false,,,true,true,,,,,,0,3,6,,,,
com.supercell.soil.diamondpackage2_decopackage1,icon_diamonds_bag,499,130,TID_DIAMOND_PACK_2_Birthday_1,false,,,,true,,,ElephantStatue,1,true,,,,,,,
com.supercell.soil.diamondpackage2_decopackage2,icon_diamonds_bag,499,130,TID_DIAMOND_PACK_3_Birthday_2,false,,,,true,,,GorillaStatue,1,true,,,,,,,
com.supercell.soil.diamondpackage2_decopackage3,icon_diamonds_bag,499,130,TID_DIAMOND_PACK_5_Birthday_3,false,,,,true,,,RhinoStatue,1,true,,,,,,,
com.supercell.soil.specialoffertier1,icon_diamonds_pile,99,0,TID_DIAMOND_PACK_1,false,,,true,,,,,,,,,,,,,
com.supercell.soil.specialoffertier2,icon_diamonds_pile,199,0,TID_DIAMOND_PACK_1,false,,,true,,,,,,,,,,,,,
com.supercell.soil.specialoffertier3,icon_diamonds_bag,299,0,TID_DIAMOND_PACK_2,false,,,true,,,,,,,,,,,,,
com.supercell.soil.specialoffertier4,icon_diamonds_bag,399,0,TID_DIAMOND_PACK_2,false,,,true,,,,,,,,,,,,,
com.supercell.soil.specialoffertier5,icon_diamonds_bag,499,0,TID_DIAMOND_PACK_2,false,,,true,,,,,,,,,,,,,
com.supercell.soil.specialoffertier6,icon_diamonds_sack,599,0,TID_DIAMOND_PACK_3,false,,,true,,,,,,,,,,,,,
com.supercell.soil.specialoffertier7,icon_diamonds_sack,699,0,TID_DIAMOND_PACK_3,false,,,true,,,,,,,,,,,,,
com.supercell.soil.specialoffertier8,icon_diamonds_sack,799,0,TID_DIAMOND_PACK_3,false,,,true,,,,,,,,,,,,,
com.supercell.soil.specialoffertier9,icon_diamonds_sack,899,0,TID_DIAMOND_PACK_3,false,,,true,,,,,,,,,,,,,
com.supercell.soil.specialoffertier10,icon_diamonds_sack,999,0,TID_DIAMOND_PACK_3,false,,,true,,,,,,,,,,,,,
com.supercell.soil.specialoffertier11,icon_diamonds_sack,1099,0,TID_DIAMOND_PACK_3,false,,,true,,,,,,,,,,,,,
com.supercell.soil.specialoffertier12,icon_diamonds_sack,1199,0,TID_DIAMOND_PACK_3,false,,,true,,,,,,,,,,,,,
com.supercell.soil.specialoffertier13,icon_diamonds_sack,1299,0,TID_DIAMOND_PACK_3,false,,,true,,,,,,,,,,,,,
com.supercell.soil.specialoffertier14,icon_diamonds_sack,1399,0,TID_DIAMOND_PACK_3,false,,,true,,,,,,,,,,,,,
com.supercell.soil.specialoffertier15,icon_diamonds_sack,1499,0,TID_DIAMOND_PACK_3,false,,,true,,,,,,,,,,,,,
com.supercell.soil.specialoffertier16,icon_diamonds_box,1599,0,TID_DIAMOND_PACK_4,false,,,true,,,,,,,,,,,,,
com.supercell.soil.specialoffertier17,icon_diamonds_box,1699,0,TID_DIAMOND_PACK_4,false,,,true,,,,,,,,,,,,,
com.supercell.soil.specialoffertier18,icon_diamonds_box,1799,0,TID_DIAMOND_PACK_4,false,,,true,,,,,,,,,,,,,
com.supercell.soil.specialoffertier19,icon_diamonds_box,1899,0,TID_DIAMOND_PACK_4,false,,,true,,,,,,,,,,,,,
com.supercell.soil.specialoffertier20,icon_diamonds_box,1999,0,TID_DIAMOND_PACK_4,false,,,true,,,,,,,,,,,,,
com.supercell.soil.specialoffertier21,icon_diamonds_box,2099,0,TID_DIAMOND_PACK_4,false,,,true,,,,,,,,,,,,,
com.supercell.soil.specialoffertier22,icon_diamonds_box,2199,0,TID_DIAMOND_PACK_4,false,,,true,,,,,,,,,,,,,
com.supercell.soil.specialoffertier23,icon_diamonds_box,2299,0,TID_DIAMOND_PACK_4,false,,,true,,,,,,,,,,,,,
com.supercell.soil.specialoffertier24,icon_diamonds_box,2399,0,TID_DIAMOND_PACK_4,false,,,true,,,,,,,,,,,,,
com.supercell.soil.specialoffertier25,icon_diamonds_box,2499,0,TID_DIAMOND_PACK_4,false,,,true,,,,,,,,,,,,,
com.supercell.soil.specialoffertier26,icon_diamonds_box,2599,0,TID_DIAMOND_PACK_4,false,,,true,,,,,,,,,,,,,
com.supercell.soil.specialoffertier27,icon_diamonds_box,2699,0,TID_DIAMOND_PACK_4,false,,,true,,,,,,,,,,,,,
com.supercell.soil.specialoffertier28,icon_diamonds_box,2799,0,TID_DIAMOND_PACK_4,false,,,true,,,,,,,,,,,,,
com.supercell.soil.specialoffertier29,icon_diamonds_box,2899,0,TID_DIAMOND_PACK_4,false,,,true,,,,,,,,,,,,,
com.supercell.soil.specialoffertier30,icon_diamonds_box,2999,0,TID_DIAMOND_PACK_4,false,,,true,,,,,,,,,,,,,
com.supercell.soil.specialoffertier35,icon_diamonds_chest,3499,0,TID_DIAMOND_PACK_5,false,,,true,,,,,,,,,,,,,
com.supercell.soil.specialoffertier40,icon_diamonds_chest,3999,0,TID_DIAMOND_PACK_5,false,,,true,,,,,,,,,,,,,
com.supercell.soil.specialoffertier45,icon_diamonds_chest,4499,0,TID_DIAMOND_PACK_5,false,,,true,,,,,,,,,,,,,
com.supercell.soil.specialoffertier50,icon_diamonds_chest,4999,0,TID_DIAMOND_PACK_5,false,,,true,,,,,,,,,,,,,
com.supercell.soil.specialoffertier55,icon_diamonds_chest,5499,0,TID_DIAMOND_PACK_5,false,,,true,,,,,,,,,,,,,
com.supercell.soil.specialoffertier60,icon_diamonds_chest,5999,0,TID_DIAMOND_PACK_5,false,,,true,,,,,,,,,,,,,
com.supercell.soil.specialoffertier65,icon_diamonds_chest,6499,0,TID_DIAMOND_PACK_5,false,,,true,,,,,,,,,,,,,
com.supercell.soil.specialoffer_upsell2,icon_diamonds_pile,199,50,TID_DIAMOND_PACK_1,false,,,,,,,,,,,,,,,Cannot be used again (due to iOS policy issue in 12/2018),
com.supercell.soil.specialoffer_upsell5,icon_diamonds_bag,499,130,TID_DIAMOND_PACK_2,false,,,,,,,,,,,,,,,Cannot be used again (due to iOS policy issue in 12/2018),
com.supercell.soil.specialoffer_upsell10,icon_diamonds_sack,999,275,TID_DIAMOND_PACK_3,false,,,,,,,,,,,,,,,Cannot be used again (due to iOS policy issue in 12/2018),
com.supercell.soil.specialoffer_upsell20,icon_diamonds_box,1999,570,TID_DIAMOND_PACK_4,false,,,,,,,,,,,,,,,Cannot be used again (due to iOS policy issue in 12/2018),
com.supercell.soil.specialoffer_upsell40,icon_diamonds_chest,3999,1500,TID_DIAMOND_PACK_5,false,,,,,,,,,,,,,,,Cannot be used again (due to iOS policy issue in 12/2018),
com.supercell.soil.upselloffer_tier2,icon_diamonds_pile,199,50,TID_DIAMOND_PACK_1,false,,,true,,,,,,,,,,,,,
com.supercell.soil.upselloffer_tier5,icon_diamonds_bag,499,130,TID_DIAMOND_PACK_2,false,,,true,,,,,,,,,,,,,
com.supercell.soil.upselloffer_tier10,icon_diamonds_sack,999,275,TID_DIAMOND_PACK_3,false,,,true,,,,,,,,,,,,,
com.supercell.soil.upselloffer_tier20,icon_diamonds_box,1999,570,TID_DIAMOND_PACK_4,false,,,true,,,,,,,,,,,,,
com.supercell.soil.upselloffer_tier40,icon_diamonds_chest,3999,1500,TID_DIAMOND_PACK_5,false,,,true,,,,,,,,,,,,,
com.supercell.soil.ingamecurrency,icon_diamonds_pile,0,0,TID_EMPTY_TEXT,false,,,true,,,,,,,,,,,,,
com.supercell.soil.midas_offertier1,icon_diamonds_pile,50,45,TID_DIAMOND_PACK_1,false,,,,,,,,,,,,,,,,
com.supercell.soil.midas_offertier2,icon_diamonds_pile,99,85,TID_DIAMOND_PACK_1,false,,,,,,,,,,,,,,,,
com.supercell.soil.midas_offertier3,icon_diamonds_bag,199,165,TID_DIAMOND_PACK_2,false,,,,,,,,,,,,,,,,
com.supercell.soil.midas_offertier4,icon_diamonds_sack,299,255,TID_DIAMOND_PACK_3,false,,,,,,,,,,,,,,,,
com.supercell.soil.farmpass_499,icon_diamonds_chest,499,0,TID_EMPTY_TEXT,false,,,true,,,true,,,,,,,,,,
com.supercell.soil.scid.diamondpackage1,icon_diamonds_pile,199,50,TID_DIAMOND_PACK_1,true,,,true,,true,,,,,,,,,,,
com.supercell.soil.scid.diamondpackage2,icon_diamonds_bag,499,130,TID_DIAMOND_PACK_2,true,,,true,,true,,,,,,,,,,,
com.supercell.soil.scid.diamondpackage3,icon_diamonds_sack,999,275,TID_DIAMOND_PACK_3,true,,,true,,true,,,,,,,,,,,
com.supercell.soil.scid.diamondpackage4,icon_diamonds_box,1999,570,TID_DIAMOND_PACK_4,true,,,true,,true,,,,,,,,,,,
com.supercell.soil.scid.diamondpackage5,icon_diamonds_chest,3999,1500,TID_DIAMOND_PACK_5,true,,,true,,true,,,,,,,,,,,
com.supercell.soil.scid.diamondpackage6,icon_diamonds_trunk,9999,4000,TID_DIAMOND_PACK_6,true,,,true,,true,,,,,,,,,,,
com.supercell.soil.scid.farmpass_499,icon_diamonds_chest,499,0,TID_FARM_PASS,true,,,true,,true,true,,,,,,,,,,
com.supercell.soil.scid.farmpassbundle,icon_diamonds_chest,1199,0,TID_FARM_PASS,true,,,true,,true,true,,,,,,,,,Bundle of three farm passes,
com.supercell.soil.specialoffertier100,icon_diamonds_trunk,9999,0,TID_DIAMOND_PACK_6,false,,,true,,,,,,,,,,,,,
com.supercell.soil.boosterpackage4,icon_diamonds_sack,1999,570,TID_BOOSTER_PACK_4,false,,,true,true,,,,,,0,3,12,,,,
com.supercell.soil.codashop.diamondpackage1,icon_diamonds_pile,199,53,TID_DIAMOND_PACK_1,true,,,,,true,,,,,,,,,,,
com.supercell.soil.codashop.diamondpackage2,icon_diamonds_bag,499,137,TID_DIAMOND_PACK_2,true,,,,,true,,,,,,,,,,,
com.supercell.soil.codashop.diamondpackage3,icon_diamonds_sack,999,289,TID_DIAMOND_PACK_3,true,,,,,true,,,,,,,,,,,
com.supercell.soil.codashop.diamondpackage4,icon_diamonds_box,1999,599,TID_DIAMOND_PACK_4,true,,,,,true,,,,,,,,,,,
com.supercell.soil.codashop.diamondpackage5,icon_diamonds_chest,3999,1575,TID_DIAMOND_PACK_5,true,,,,,true,,,,,,,,,,,
com.supercell.soil.codashop.diamondpackage6,icon_diamonds_trunk,9999,4200,TID_DIAMOND_PACK_6,true,,,,,true,,,,,,,,,,,
com.supercell.soil.codashop.farmpass_499,icon_diamonds_chest,499,0,TID_FARM_PASS,true,,,,,true,true,,,,,,,,,,
com.supercell.soil.midas.diamondpackage1,icon_diamonds_pile,199,53,TID_DIAMOND_PACK_1,true,,,,,true,,,,,,,,,,,
com.supercell.soil.midas.diamondpackage2,icon_diamonds_bag,499,137,TID_DIAMOND_PACK_2,true,,,,,true,,,,,,,,,,,
com.supercell.soil.midas.diamondpackage3,icon_diamonds_sack,999,289,TID_DIAMOND_PACK_3,true,,,,,true,,,,,,,,,,,
com.supercell.soil.midas.diamondpackage4,icon_diamonds_box,1999,599,TID_DIAMOND_PACK_4,true,,,,,true,,,,,,,,,,,
com.supercell.soil.midas.diamondpackage5,icon_diamonds_chest,3999,1575,TID_DIAMOND_PACK_5,true,,,,,true,,,,,,,,,,,
com.supercell.soil.midas.diamondpackage6,icon_diamonds_trunk,9999,4200,TID_DIAMOND_PACK_6,true,,,,,true,,,,,,,,,,,
com.supercell.soil.midas.farmpass_499,icon_diamonds_chest,499,0,TID_FARM_PASS,true,,,,,true,true,,,,,,,,,,
com.supercell.soil.razer.5pct.diamondpackage1,icon_diamonds_pile,199,53,TID_DIAMOND_PACK_1,true,,,,,true,,,,,,,,,,,
com.supercell.soil.razer.5pct.diamondpackage2,icon_diamonds_bag,499,137,TID_DIAMOND_PACK_2,true,,,,,true,,,,,,,,,,,
com.supercell.soil.razer.5pct.diamondpackage3,icon_diamonds_sack,999,299,TID_DIAMOND_PACK_3,true,,,,,true,,,,,,,,,,,
com.supercell.soil.razer.5pct.diamondpackage4,icon_diamonds_box,1999,599,TID_DIAMOND_PACK_4,true,,,,,true,,,,,,,,,,,
com.supercell.soil.razer.5pct.diamondpackage5,icon_diamonds_chest,3999,1575,TID_DIAMOND_PACK_5,true,,,,,true,,,,,,,,,,,
com.supercell.soil.razer.5pct.diamondpackage6,icon_diamonds_trunk,9999,4200,TID_DIAMOND_PACK_6,true,,,,,true,,,,,,,,,,,
com.supercell.soil.razer.10pct.diamondpackage1,icon_diamonds_pile,199,55,TID_DIAMOND_PACK_1,true,,,,,true,,,,,,,,,,,
com.supercell.soil.razer.10pct.diamondpackage2,icon_diamonds_bag,499,143,TID_DIAMOND_PACK_2,true,,,,,true,,,,,,,,,,,
com.supercell.soil.razer.10pct.diamondpackage3,icon_diamonds_sack,999,303,TID_DIAMOND_PACK_3,true,,,,,true,,,,,,,,,,,
com.supercell.soil.razer.10pct.diamondpackage4,icon_diamonds_box,1999,627,TID_DIAMOND_PACK_4,true,,,,,true,,,,,,,,,,,
com.supercell.soil.razer.10pct.diamondpackage5,icon_diamonds_chest,3999,1650,TID_DIAMOND_PACK_5,true,,,,,true,,,,,,,,,,,
com.supercell.soil.razer.10pct.diamondpackage6,icon_diamonds_trunk,9999,4400,TID_DIAMOND_PACK_6,true,,,,,true,,,,,,,,,,,
com.supercell.soil.razer.15pct.diamondpackage1,icon_diamonds_pile,199,58,TID_DIAMOND_PACK_1,true,,,,,true,,,,,,,,,,,
com.supercell.soil.razer.15pct.diamondpackage2,icon_diamonds_bag,499,150,TID_DIAMOND_PACK_2,true,,,,,true,,,,,,,,,,,
com.supercell.soil.razer.15pct.diamondpackage3,icon_diamonds_sack,999,317,TID_DIAMOND_PACK_3,true,,,,,true,,,,,,,,,,,
com.supercell.soil.razer.15pct.diamondpackage4,icon_diamonds_box,1999,656,TID_DIAMOND_PACK_4,true,,,,,true,,,,,,,,,,,
com.supercell.soil.razer.15pct.diamondpackage5,icon_diamonds_chest,3999,1725,TID_DIAMOND_PACK_5,true,,,,,true,,,,,,,,,,,
com.supercell.soil.razer.15pct.diamondpackage6,icon_diamonds_trunk,9999,4600,TID_DIAMOND_PACK_6,true,,,,,true,,,,,,,,,,,
com.supercell.soil.razer.farmpass_499,icon_diamonds_chest,499,0,TID_FARM_PASS,true,,,,,true,true,,,,,,,,,,
com.supercell.soil.razer.diamondpackage1,icon_diamonds_pile,199,50,TID_DIAMOND_PACK_1,true,,,,,true,,,,,,,,,,,
com.supercell.soil.razer.diamondpackage2,icon_diamonds_bag,499,130,TID_DIAMOND_PACK_2,true,,,,,true,,,,,,,,,,,
com.supercell.soil.razer.diamondpackage3,icon_diamonds_sack,999,275,TID_DIAMOND_PACK_3,true,,,,,true,,,,,,,,,,,
com.supercell.soil.razer.diamondpackage4,icon_diamonds_box,1999,570,TID_DIAMOND_PACK_4,true,,,,,true,,,,,,,,,,,
com.supercell.soil.razer.diamondpackage5,icon_diamonds_chest,3999,1500,TID_DIAMOND_PACK_5,true,,,,,true,,,,,,,,,,,
com.supercell.soil.razer.diamondpackage6,icon_diamonds_trunk,9999,4000,TID_DIAMOND_PACK_6,true,,,,,true,,,,,,,,,,,
com.supercell.soil.scid.10pct.diamondpackage1,icon_diamonds_pile,199,55,TID_DIAMOND_PACK_1,true,,,,,true,,,,,,,,,,,
com.supercell.soil.scid.10pct.diamondpackage2,icon_diamonds_bag,499,143,TID_DIAMOND_PACK_2,true,,,,,true,,,,,,,,,,,
com.supercell.soil.scid.10pct.diamondpackage3,icon_diamonds_sack,999,303,TID_DIAMOND_PACK_3,true,,,,,true,,,,,,,,,,,
com.supercell.soil.scid.10pct.diamondpackage4,icon_diamonds_box,1999,627,TID_DIAMOND_PACK_4,true,,,,,true,,,,,,,,,,,
com.supercell.soil.scid.10pct.diamondpackage5,icon_diamonds_chest,3999,1650,TID_DIAMOND_PACK_5,true,,,,,true,,,,,,,,,,,
com.supercell.soil.scid.10pct.diamondpackage6,icon_diamonds_trunk,9999,4400,TID_DIAMOND_PACK_6,true,,,,,true,,,,,,,,,,,
com.supercell.soil.codashop.5pct.diamondpackage1,icon_diamonds_pile,199,53,TID_DIAMOND_PACK_1,true,,,,,true,,,,,,,,,,,
com.supercell.soil.codashop.5pct.diamondpackage2,icon_diamonds_bag,499,137,TID_DIAMOND_PACK_2,true,,,,,true,,,,,,,,,,,
com.supercell.soil.codashop.5pct.diamondpackage3,icon_diamonds_sack,999,299,TID_DIAMOND_PACK_3,true,,,,,true,,,,,,,,,,,
com.supercell.soil.codashop.5pct.diamondpackage4,icon_diamonds_box,1999,599,TID_DIAMOND_PACK_4,true,,,,,true,,,,,,,,,,,
com.supercell.soil.codashop.5pct.diamondpackage5,icon_diamonds_chest,3999,1575,TID_DIAMOND_PACK_5,true,,,,,true,,,,,,,,,,,
com.supercell.soil.codashop.5pct.diamondpackage6,icon_diamonds_trunk,9999,4200,TID_DIAMOND_PACK_6,true,,,,,true,,,,,,,,,,,
com.supercell.soil.codashop.10pct.diamondpackage1,icon_diamonds_pile,199,55,TID_DIAMOND_PACK_1,true,,,,,true,,,,,,,,,,,
com.supercell.soil.codashop.10pct.diamondpackage2,icon_diamonds_bag,499,143,TID_DIAMOND_PACK_2,true,,,,,true,,,,,,,,,,,
com.supercell.soil.codashop.10pct.diamondpackage3,icon_diamonds_sack,999,303,TID_DIAMOND_PACK_3,true,,,,,true,,,,,,,,,,,
com.supercell.soil.codashop.10pct.diamondpackage4,icon_diamonds_box,1999,627,TID_DIAMOND_PACK_4,true,,,,,true,,,,,,,,,,,
com.supercell.soil.codashop.10pct.diamondpackage5,icon_diamonds_chest,3999,1650,TID_DIAMOND_PACK_5,true,,,,,true,,,,,,,,,,,
com.supercell.soil.codashop.10pct.diamondpackage6,icon_diamonds_trunk,9999,4400,TID_DIAMOND_PACK_6,true,,,,,true,,,,,,,,,,,
com.supercell.soil.codashop.15pct.diamondpackage1,icon_diamonds_pile,199,58,TID_DIAMOND_PACK_1,true,,,,,true,,,,,,,,,,,
com.supercell.soil.codashop.15pct.diamondpackage2,icon_diamonds_bag,499,150,TID_DIAMOND_PACK_2,true,,,,,true,,,,,,,,,,,
com.supercell.soil.codashop.15pct.diamondpackage3,icon_diamonds_sack,999,317,TID_DIAMOND_PACK_3,true,,,,,true,,,,,,,,,,,
com.supercell.soil.codashop.15pct.diamondpackage4,icon_diamonds_box,1999,656,TID_DIAMOND_PACK_4,true,,,,,true,,,,,,,,,,,
com.supercell.soil.codashop.15pct.diamondpackage5,icon_diamonds_chest,3999,1725,TID_DIAMOND_PACK_5,true,,,,,true,,,,,,,,,,,
com.supercell.soil.codashop.15pct.diamondpackage6,icon_diamonds_trunk,9999,4600,TID_DIAMOND_PACK_6,true,,,,,true,,,,,,,,,,,
com.supercell.soil.midas.5pct.diamondpackage1,icon_diamonds_pile,199,53,TID_DIAMOND_PACK_1,true,,,,,true,,,,,,,,,,,
com.supercell.soil.midas.5pct.diamondpackage2,icon_diamonds_bag,499,137,TID_DIAMOND_PACK_2,true,,,,,true,,,,,,,,,,,
com.supercell.soil.midas.5pct.diamondpackage3,icon_diamonds_sack,999,299,TID_DIAMOND_PACK_3,true,,,,,true,,,,,,,,,,,
com.supercell.soil.midas.5pct.diamondpackage4,icon_diamonds_box,1999,599,TID_DIAMOND_PACK_4,true,,,,,true,,,,,,,,,,,
com.supercell.soil.midas.5pct.diamondpackage5,icon_diamonds_chest,3999,1575,TID_DIAMOND_PACK_5,true,,,,,true,,,,,,,,,,,
com.supercell.soil.midas.5pct.diamondpackage6,icon_diamonds_trunk,9999,4200,TID_DIAMOND_PACK_6,true,,,,,true,,,,,,,,,,,
com.supercell.soil.midas.10pct.diamondpackage1,icon_diamonds_pile,199,55,TID_DIAMOND_PACK_1,true,,,,,true,,,,,,,,,,,
com.supercell.soil.midas.10pct.diamondpackage2,icon_diamonds_bag,499,143,TID_DIAMOND_PACK_2,true,,,,,true,,,,,,,,,,,
com.supercell.soil.midas.10pct.diamondpackage3,icon_diamonds_sack,999,303,TID_DIAMOND_PACK_3,true,,,,,true,,,,,,,,,,,
com.supercell.soil.midas.10pct.diamondpackage4,icon_diamonds_box,1999,627,TID_DIAMOND_PACK_4,true,,,,,true,,,,,,,,,,,
com.supercell.soil.midas.10pct.diamondpackage5,icon_diamonds_chest,3999,1650,TID_DIAMOND_PACK_5,true,,,,,true,,,,,,,,,,,
com.supercell.soil.midas.10pct.diamondpackage6,icon_diamonds_trunk,9999,4400,TID_DIAMOND_PACK_6,true,,,,,true,,,,,,,,,,,
com.supercell.soil.midas.15pct.diamondpackage1,icon_diamonds_pile,199,58,TID_DIAMOND_PACK_1,true,,,,,true,,,,,,,,,,,
com.supercell.soil.midas.15pct.diamondpackage2,icon_diamonds_bag,499,150,TID_DIAMOND_PACK_2,true,,,,,true,,,,,,,,,,,
com.supercell.soil.midas.15pct.diamondpackage3,icon_diamonds_sack,999,317,TID_DIAMOND_PACK_3,true,,,,,true,,,,,,,,,,,
com.supercell.soil.midas.15pct.diamondpackage4,icon_diamonds_box,1999,656,TID_DIAMOND_PACK_4,true,,,,,true,,,,,,,,,,,
com.supercell.soil.midas.15pct.diamondpackage5,icon_diamonds_chest,3999,1725,TID_DIAMOND_PACK_5,true,,,,,true,,,,,,,,,,,
com.supercell.soil.midas.15pct.diamondpackage6,icon_diamonds_trunk,9999,4600,TID_DIAMOND_PACK_6,true,,,,,true,,,,,,,,,,,
com.supercell.soil.midas.20pct.diamondpackage1,icon_diamonds_pile,199,60,TID_DIAMOND_PACK_1,true,,,,,true,,,,,,,,,,,
com.supercell.soil.midas.20pct.diamondpackage2,icon_diamonds_bag,499,156,TID_DIAMOND_PACK_2,true,,,,,true,,,,,,,,,,,
com.supercell.soil.midas.20pct.diamondpackage3,icon_diamonds_sack,999,330,TID_DIAMOND_PACK_3,true,,,,,true,,,,,,,,,,,
com.supercell.soil.midas.20pct.diamondpackage4,icon_diamonds_box,1999,684,TID_DIAMOND_PACK_4,true,,,,,true,,,,,,,,,,,
com.supercell.soil.midas.20pct.diamondpackage5,icon_diamonds_chest,3999,1800,TID_DIAMOND_PACK_5,true,,,,,true,,,,,,,,,,,
com.supercell.soil.midas.20pct.diamondpackage6,icon_diamonds_trunk,9999,4800,TID_DIAMOND_PACK_6,true,,,,,true,,,,,,,,,,,
com.supercell.soil.codashop.20pct.diamondpackage1,icon_diamonds_pile,199,60,TID_DIAMOND_PACK_1,true,,,,,true,,,,,,,,,,,
com.supercell.soil.codashop.20pct.diamondpackage2,icon_diamonds_bag,499,156,TID_DIAMOND_PACK_2,true,,,,,true,,,,,,,,,,,
com.supercell.soil.codashop.20pct.diamondpackage3,icon_diamonds_sack,999,330,TID_DIAMOND_PACK_3,true,,,,,true,,,,,,,,,,,
com.supercell.soil.codashop.20pct.diamondpackage4,icon_diamonds_box,1999,684,TID_DIAMOND_PACK_4,true,,,,,true,,,,,,,,,,,
com.supercell.soil.codashop.20pct.diamondpackage5,icon_diamonds_chest,3999,1800,TID_DIAMOND_PACK_5,true,,,,,true,,,,,,,,,,,
com.supercell.soil.codashop.20pct.diamondpackage6,icon_diamonds_trunk,9999,4800,TID_DIAMOND_PACK_6,true,,,,,true,,,,,,,,,,,
com.supercell.soil.razer.20pct.diamondpackage1,icon_diamonds_pile,199,60,TID_DIAMOND_PACK_1,true,,,,,true,,,,,,,,,,,
com.supercell.soil.razer.20pct.diamondpackage2,icon_diamonds_bag,499,156,TID_DIAMOND_PACK_2,true,,,,,true,,,,,,,,,,,
com.supercell.soil.razer.20pct.diamondpackage3,icon_diamonds_sack,999,330,TID_DIAMOND_PACK_3,true,,,,,true,,,,,,,,,,,
com.supercell.soil.razer.20pct.diamondpackage4,icon_diamonds_box,1999,684,TID_DIAMOND_PACK_4,true,,,,,true,,,,,,,,,,,
com.supercell.soil.razer.20pct.diamondpackage5,icon_diamonds_chest,3999,1800,TID_DIAMOND_PACK_5,true,,,,,true,,,,,,,,,,,
com.supercell.soil.razer.20pct.diamondpackage6,icon_diamonds_trunk,9999,4800,TID_DIAMOND_PACK_6,true,,,,,true,,,,,,,,,,,
com.supercell.soil.carry.diamondpackage1,icon_diamonds_pile,199,50,TID_DIAMOND_PACK_1,true,,,,,true,,,,,,,,,,,
com.supercell.soil.carry.diamondpackage2,icon_diamonds_bag,499,130,TID_DIAMOND_PACK_2,true,,,,,true,,,,,,,,,,,
com.supercell.soil.carry.diamondpackage3,icon_diamonds_sack,999,275,TID_DIAMOND_PACK_3,true,,,,,true,,,,,,,,,,,
com.supercell.soil.carry.diamondpackage4,icon_diamonds_box,1999,570,TID_DIAMOND_PACK_4,true,,,,,true,,,,,,,,,,,
com.supercell.soil.carry.diamondpackage5,icon_diamonds_chest,3999,1500,TID_DIAMOND_PACK_5,true,,,,,true,,,,,,,,,,,
com.supercell.soil.carry.diamondpackage6,icon_diamonds_trunk,9999,4000,TID_DIAMOND_PACK_6,true,,,,,true,,,,,,,,,,,
com.supercell.soil.carry.5pct.diamondpackage1,icon_diamonds_pile,199,53,TID_DIAMOND_PACK_1,true,,,,,true,,,,,,,,,,,
com.supercell.soil.carry.5pct.diamondpackage2,icon_diamonds_bag,499,137,TID_DIAMOND_PACK_2,true,,,,,true,,,,,,,,,,,
com.supercell.soil.carry.5pct.diamondpackage3,icon_diamonds_sack,999,299,TID_DIAMOND_PACK_3,true,,,,,true,,,,,,,,,,,
com.supercell.soil.carry.5pct.diamondpackage4,icon_diamonds_box,1999,599,TID_DIAMOND_PACK_4,true,,,,,true,,,,,,,,,,,
com.supercell.soil.carry.5pct.diamondpackage5,icon_diamonds_chest,3999,1575,TID_DIAMOND_PACK_5,true,,,,,true,,,,,,,,,,,
com.supercell.soil.carry.5pct.diamondpackage6,icon_diamonds_trunk,9999,4200,TID_DIAMOND_PACK_6,true,,,,,true,,,,,,,,,,,
com.supercell.soil.carry.10pct.diamondpackage1,icon_diamonds_pile,199,55,TID_DIAMOND_PACK_1,true,,,,,true,,,,,,,,,,,
com.supercell.soil.carry.10pct.diamondpackage2,icon_diamonds_bag,499,143,TID_DIAMOND_PACK_2,true,,,,,true,,,,,,,,,,,
com.supercell.soil.carry.10pct.diamondpackage3,icon_diamonds_sack,999,303,TID_DIAMOND_PACK_3,true,,,,,true,,,,,,,,,,,
com.supercell.soil.carry.10pct.diamondpackage4,icon_diamonds_box,1999,627,TID_DIAMOND_PACK_4,true,,,,,true,,,,,,,,,,,
com.supercell.soil.carry.10pct.diamondpackage5,icon_diamonds_chest,3999,1650,TID_DIAMOND_PACK_5,true,,,,,true,,,,,,,,,,,
com.supercell.soil.carry.10pct.diamondpackage6,icon_diamonds_trunk,9999,4400,TID_DIAMOND_PACK_6,true,,,,,true,,,,,,,,,,,
com.supercell.soil.carry.15pct.diamondpackage1,icon_diamonds_pile,199,58,TID_DIAMOND_PACK_1,true,,,,,true,,,,,,,,,,,
com.supercell.soil.carry.15pct.diamondpackage2,icon_diamonds_bag,499,150,TID_DIAMOND_PACK_2,true,,,,,true,,,,,,,,,,,
com.supercell.soil.carry.15pct.diamondpackage3,icon_diamonds_sack,999,317,TID_DIAMOND_PACK_3,true,,,,,true,,,,,,,,,,,
com.supercell.soil.carry.15pct.diamondpackage4,icon_diamonds_box,1999,656,TID_DIAMOND_PACK_4,true,,,,,true,,,,,,,,,,,
com.supercell.soil.carry.15pct.diamondpackage5,icon_diamonds_chest,3999,1725,TID_DIAMOND_PACK_5,true,,,,,true,,,,,,,,,,,
com.supercell.soil.carry.15pct.diamondpackage6,icon_diamonds_trunk,9999,4600,TID_DIAMOND_PACK_6,true,,,,,true,,,,,,,,,,,
com.supercell.soil.carry.farmpass_499,icon_diamonds_chest,499,0,TID_FARM_PASS,true,,,,,true,true,,,,,,,,,,
com.supercell.soil.carry.farmpass2,icon_diamonds_chest,399,0,TID_FARM_PASS,true,,,,,true,true,,,,,,,,,,
com.supercell.soil.carry.farmpass3,icon_diamonds_chest,299,0,TID_FARM_PASS,true,,,,,true,true,,,,,,,,,,
com.supercell.soil.carry.farmpassbundle_all,icon_diamonds_chest,999,0,TID_FARM_PASS,true,,,,,true,true,,,,,,,,,,
com.supercell.soil.razer.farmpass2,icon_diamonds_chest,399,0,TID_FARM_PASS,true,,,,,true,true,,,,,,,,,,
com.supercell.soil.razer.farmpass3,icon_diamonds_chest,299,0,TID_FARM_PASS,true,,,,,true,true,,,,,,,,,,
com.supercell.soil.razer.farmpassbundle_all,icon_diamonds_chest,999,0,TID_FARM_PASS,true,,,,,true,true,,,,,,,,,,
com.supercell.soil.midas.farmpass2,icon_diamonds_chest,399,0,TID_FARM_PASS,true,,,,,true,true,,,,,,,,,,
com.supercell.soil.midas.farmpass3,icon_diamonds_chest,299,0,TID_FARM_PASS,true,,,,,true,true,,,,,,,,,,
com.supercell.soil.midas.farmpassbundle_all,icon_diamonds_chest,999,0,TID_FARM_PASS,true,,,,,true,true,,,,,,,,,,
com.supercell.soil.codashop.farmpass2,icon_diamonds_chest,399,0,TID_FARM_PASS,true,,,,,true,true,,,,,,,,,,
com.supercell.soil.codashop.farmpass3,icon_diamonds_chest,299,0,TID_FARM_PASS,true,,,,,true,true,,,,,,,,,,
com.supercell.soil.codashop.farmpassbundle_all,icon_diamonds_chest,999,0,TID_FARM_PASS,true,,,,,true,true,,,,,,,,,,
com.supercell.soil.farmpass2,icon_diamonds_chest,399,0,TID_FARM_PASS,false,,,true,,,true,,,,,,,,,,
com.supercell.soil.farmpass3,icon_diamonds_chest,299,0,TID_FARM_PASS,false,,,true,,,true,,,,,,,,,,
com.supercell.soil.farmpassbundle_all,icon_diamonds_chest,999,0,TID_FARM_PASS,false,,,true,,,true,,,,,,,,,,
com.supercell.soil.farmpassbundle2_3,icon_diamonds_chest,599,0,TID_FARM_PASS,false,,,true,,,true,,,,,,,,,,
com.supercell.soil.subdollaroffer029,icon_diamonds_pile,29,0,TID_DIAMOND_PACK_1,true,,,true,,true,,,,,,,,,,,
com.supercell.soil.subdollaroffer079,icon_diamonds_pile,79,0,TID_DIAMOND_PACK_1,true,,,true,,true,,,,,,,,,,,
com.supercell.soil.specialoffertier2.49,icon_diamonds_pile,249,0,TID_DIAMOND_PACK_1,false,,,true,,true,,,,,,,,,,,
com.supercell.soil.specialoffertier70,icon_diamonds_chest,6999,0,TID_DIAMOND_PACK_5,true,,,true,,true,,,,,,,,,,,
com.supercell.soil.specialoffertier75,icon_diamonds_chest,7499,0,TID_DIAMOND_PACK_5,true,,,true,,true,,,,,,,,,,,
com.supercell.soil.specialoffertier80,icon_diamonds_chest,7999,0,TID_DIAMOND_PACK_5,true,,,true,,true,,,,,,,,,,,
com.supercell.soil.specialoffertier85,icon_diamonds_chest,8499,0,TID_DIAMOND_PACK_5,true,,,true,,true,,,,,,,,,,,
com.supercell.soil.specialoffertier90,icon_diamonds_trunk,8999,0,TID_DIAMOND_PACK_6,true,,,true,,true,,,,,,,,,,,
com.supercell.soil.specialoffertier95,icon_diamonds_trunk,9499,0,TID_DIAMOND_PACK_6,true,,,true,,true,,,,,,,,,,,
com.supercell.soil.farmpass_99,icon_diamonds_chest,99,0,TID_FARM_PASS,false,,,true,,,true,,,,,,,,,,
com.supercell.soil.farmpass_199,icon_diamonds_chest,199,0,TID_FARM_PASS,false,,,true,,,true,,,,,,,,,,
com.supercell.soil.farmpass_299,icon_diamonds_chest,299,0,TID_FARM_PASS,false,,,true,,,true,,,,,,,,,,
com.supercell.soil.farmpass_399,icon_diamonds_chest,399,0,TID_FARM_PASS,false,,,true,,,true,,,,,,,,,,
com.supercell.soil.farmpass_599,icon_diamonds_chest,599,0,TID_FARM_PASS,false,,,true,,,true,,,,,,,,,,
com.supercell.soil.farmpass_699,icon_diamonds_chest,699,0,TID_FARM_PASS,false,,,true,,,true,,,,,,,,,,
com.supercell.soil.farmpass2_499,icon_diamonds_chest,499,0,TID_FARM_PASS,false,,,true,,,true,,,,,,,,,,
com.supercell.soil.farmpass3_399,icon_diamonds_chest,399,0,TID_FARM_PASS,false,,,true,,,true,,,,,,,,,,
com.supercell.soil.farmpass3_499,icon_diamonds_chest,499,0,TID_FARM_PASS,false,,,true,,,true,,,,,,,,,,
com.supercell.soil.farmpassbundle_all_1199,icon_diamonds_chest,1199,0,TID_FARM_PASS,false,,,true,,,true,,,,,,,,,,
com.supercell.soil.farmpassbundle2_3_799,icon_diamonds_chest,799,0,TID_FARM_PASS,false,,,true,,,true,,,,,,,,,,
com.supercell.soil.farmpassbundle2_3_699,icon_diamonds_chest,699,0,TID_FARM_PASS,false,,,true,,,true,,,,,,,,,,
com.supercell.soil.farmpassbundle_all_1099,icon_diamonds_chest,1099,0,TID_FARM_PASS,false,,,true,,,true,,,,,,,,,,
